/*
MySQL Backup
Database: bookstore
Backup Time: 2022-01-04 00:03:51
*/

SET FOREIGN_KEY_CHECKS=0;
DROP TABLE IF EXISTS `bookstore`.`address`;
DROP TABLE IF EXISTS `bookstore`.`author`;
DROP TABLE IF EXISTS `bookstore`.`blog`;
DROP TABLE IF EXISTS `bookstore`.`cart`;
DROP TABLE IF EXISTS `bookstore`.`category`;
DROP TABLE IF EXISTS `bookstore`.`customer`;
DROP TABLE IF EXISTS `bookstore`.`detail_cart`;
DROP TABLE IF EXISTS `bookstore`.`detail_order`;
DROP TABLE IF EXISTS `bookstore`.`detail_product`;
DROP TABLE IF EXISTS `bookstore`.`order`;
DROP TABLE IF EXISTS `bookstore`.`products`;
DROP TABLE IF EXISTS `bookstore`.`publisher`;
DROP TABLE IF EXISTS `bookstore`.`reviews`;
DROP TABLE IF EXISTS `bookstore`.`sale`;
DROP TABLE IF EXISTS `bookstore`.`users`;
CREATE TABLE `address` (
  `id` int(11) NOT NULL,
  `permanent_residence` varchar(255) DEFAULT NULL,
  `city` varchar(255) DEFAULT NULL,
  `country` varchar(255) DEFAULT NULL,
  PRIMARY KEY (`id`) USING BTREE
) ENGINE=InnoDB DEFAULT CHARSET=utf8mb4 ROW_FORMAT=DYNAMIC;
CREATE TABLE `author` (
  `id` int(11) NOT NULL,
  `name` varchar(255) DEFAULT NULL,
  PRIMARY KEY (`id`) USING BTREE
) ENGINE=InnoDB DEFAULT CHARSET=utf8mb4 ROW_FORMAT=DYNAMIC;
CREATE TABLE `blog` (
  `id` int(11) NOT NULL,
  `name` varchar(255) DEFAULT NULL,
  `user_id` int(11) DEFAULT NULL,
  `picture` varchar(255) DEFAULT NULL,
  `content` varchar(255) DEFAULT NULL,
  PRIMARY KEY (`id`) USING BTREE,
  CONSTRAINT `fk_blog_user_1` FOREIGN KEY (`id`) REFERENCES `users` (`blog_id`)
) ENGINE=InnoDB DEFAULT CHARSET=utf8mb4 ROW_FORMAT=DYNAMIC;
CREATE TABLE `cart` (
  `id` int(11) NOT NULL,
  `name` varchar(255) DEFAULT NULL,
  `user_id` int(11) DEFAULT NULL,
  PRIMARY KEY (`id`) USING BTREE,
  KEY `fk_Cart_user_1` (`user_id`) USING BTREE,
  CONSTRAINT `fk_Cart_user_1` FOREIGN KEY (`user_id`) REFERENCES `customer` (`id`)
) ENGINE=InnoDB DEFAULT CHARSET=utf8mb4 ROW_FORMAT=DYNAMIC;
CREATE TABLE `category` (
  `id` int(11) NOT NULL,
  `name` varchar(255) DEFAULT NULL,
  PRIMARY KEY (`id`)
) ENGINE=InnoDB DEFAULT CHARSET=utf8mb4;
CREATE TABLE `customer` (
  `id` int(11) NOT NULL,
  `usename` varchar(255) DEFAULT NULL,
  `password` varchar(255) DEFAULT NULL,
  `fullname` varchar(255) DEFAULT NULL,
  `email` varchar(255) DEFAULT NULL,
  `address_id` int(11) DEFAULT NULL,
  `sex` varchar(255) DEFAULT NULL,
  `date` datetime DEFAULT NULL,
  `phone` varchar(255) DEFAULT NULL,
  PRIMARY KEY (`id`) USING BTREE,
  KEY `fk_user_address_1` (`address_id`) USING BTREE,
  CONSTRAINT `fk_user_address_1` FOREIGN KEY (`address_id`) REFERENCES `address` (`id`)
) ENGINE=InnoDB DEFAULT CHARSET=utf8mb4 ROW_FORMAT=DYNAMIC;
CREATE TABLE `detail_cart` (
  `cart_id` int(11) NOT NULL,
  `product_id` int(11) DEFAULT NULL,
  `quantity` varchar(255) DEFAULT NULL,
  `price` double(10,2) DEFAULT NULL,
  `content` varchar(255) DEFAULT NULL,
  PRIMARY KEY (`cart_id`) USING BTREE,
  KEY `fk_detail_cart_Products_1` (`product_id`) USING BTREE,
  CONSTRAINT `fk_detail_cart_Cart_1` FOREIGN KEY (`cart_id`) REFERENCES `cart` (`id`),
  CONSTRAINT `fk_detail_cart_Products` FOREIGN KEY (`product_id`) REFERENCES `products` (`id`) ON DELETE NO ACTION ON UPDATE NO ACTION
) ENGINE=InnoDB DEFAULT CHARSET=utf8mb4 ROW_FORMAT=DYNAMIC;
CREATE TABLE `detail_order` (
  `order_id` int(11) NOT NULL,
  `product_id` int(11) DEFAULT NULL,
  `quantity` varchar(255) DEFAULT NULL,
  `price` double(10,2) DEFAULT NULL,
  `sale` varchar(255) DEFAULT NULL,
  PRIMARY KEY (`order_id`) USING BTREE,
  KEY `fk_detail_order_Products_1` (`product_id`) USING BTREE,
  CONSTRAINT `fk_detail_order_Products` FOREIGN KEY (`product_id`) REFERENCES `products` (`id`) ON DELETE NO ACTION ON UPDATE NO ACTION,
  CONSTRAINT `fk_detail_order_order_1` FOREIGN KEY (`order_id`) REFERENCES `order` (`id`)
) ENGINE=InnoDB DEFAULT CHARSET=utf8mb4 ROW_FORMAT=DYNAMIC;
CREATE TABLE `detail_product` (
  `product_id` int(11) NOT NULL,
  `publisher_id` int(11) DEFAULT NULL,
  `category_id` int(11) DEFAULT NULL,
  `sale_id` int(11) DEFAULT NULL,
  PRIMARY KEY (`product_id`) USING BTREE,
  KEY `fk_detail_product_publisher_1` (`publisher_id`) USING BTREE,
  KEY `fk_detail_product_category_1` (`category_id`) USING BTREE,
  KEY `fk_detail_product_sale` (`sale_id`) USING BTREE,
  CONSTRAINT `fk_detail_procduct_published` FOREIGN KEY (`publisher_id`) REFERENCES `publisher` (`id`) ON DELETE NO ACTION ON UPDATE NO ACTION,
  CONSTRAINT `fk_detail_product_Products` FOREIGN KEY (`product_id`) REFERENCES `products` (`id`) ON DELETE NO ACTION ON UPDATE NO ACTION,
  CONSTRAINT `fk_detail_product_category` FOREIGN KEY (`category_id`) REFERENCES `category` (`id`) ON DELETE NO ACTION ON UPDATE NO ACTION
) ENGINE=InnoDB DEFAULT CHARSET=utf8mb4 ROW_FORMAT=DYNAMIC;
CREATE TABLE `order` (
  `id` int(11) NOT NULL,
  `date` datetime DEFAULT NULL,
  `price` double(10,2) DEFAULT NULL,
  `user_id` int(11) DEFAULT NULL,
  PRIMARY KEY (`id`) USING BTREE,
  KEY `fk_order_customer` (`user_id`),
  CONSTRAINT `fk_order_customer` FOREIGN KEY (`user_id`) REFERENCES `customer` (`id`),
  CONSTRAINT `fk_order_user` FOREIGN KEY (`id`) REFERENCES `users` (`id`)
) ENGINE=InnoDB DEFAULT CHARSET=utf8mb4 ROW_FORMAT=DYNAMIC;
CREATE TABLE `products` (
  `id` int(11) NOT NULL,
  `name` text DEFAULT NULL,
  `picture` varchar(255) DEFAULT NULL,
  `description` text DEFAULT NULL,
  `price` double(10,2) DEFAULT NULL,
  `quanity` int(11) DEFAULT NULL,
  `author_id` int(11) NOT NULL,
  PRIMARY KEY (`id`) USING BTREE,
  KEY `fk_products_publisher_1` (`author_id`) USING BTREE,
  CONSTRAINT `fk_products_author` FOREIGN KEY (`author_id`) REFERENCES `author` (`id`)
) ENGINE=InnoDB DEFAULT CHARSET=utf8mb4 ROW_FORMAT=DYNAMIC;
CREATE TABLE `publisher` (
  `id` int(11) NOT NULL,
  `name` varchar(255) DEFAULT NULL,
  PRIMARY KEY (`id`) USING BTREE
) ENGINE=InnoDB DEFAULT CHARSET=utf8mb4 ROW_FORMAT=DYNAMIC;
CREATE TABLE `reviews` (
  `id` int(11) NOT NULL AUTO_INCREMENT,
  `commentator` int(11) NOT NULL,
  `product_id` int(11) NOT NULL,
  `vote` int(11) NOT NULL,
  `comment` text COLLATE utf8_unicode_ci NOT NULL,
  `date_review` datetime NOT NULL,
  `parrent_id` int(11) NOT NULL,
  PRIMARY KEY (`id`) USING BTREE,
  KEY `FRK_REV_PRODUCT` (`product_id`) USING BTREE,
  KEY `FRK_REV_USER` (`commentator`) USING BTREE,
  CONSTRAINT `FRK_REV_CUST` FOREIGN KEY (`commentator`) REFERENCES `customer` (`id`),
  CONSTRAINT `FRK_REV_PRODUCT` FOREIGN KEY (`product_id`) REFERENCES `products` (`id`),
  CONSTRAINT `FRK_REV_USER` FOREIGN KEY (`commentator`) REFERENCES `users` (`id`)
) ENGINE=InnoDB DEFAULT CHARSET=utf8 COLLATE=utf8_unicode_ci ROW_FORMAT=DYNAMIC;
CREATE TABLE `sale` (
  `id` int(11) NOT NULL,
  `name` varchar(255) DEFAULT NULL,
  `price_sale` double(10,2) DEFAULT NULL,
  PRIMARY KEY (`id`),
  CONSTRAINT `fk_detail_product_sale` FOREIGN KEY (`id`) REFERENCES `detail_product` (`sale_id`)
) ENGINE=InnoDB DEFAULT CHARSET=utf8mb4;
CREATE TABLE `users` (
  `id` int(11) NOT NULL AUTO_INCREMENT,
  `username` varchar(50) COLLATE utf8_unicode_ci NOT NULL,
  `password` varchar(30) COLLATE utf8_unicode_ci NOT NULL,
  `email` varchar(50) COLLATE utf8_unicode_ci NOT NULL,
  `phone` varchar(10) COLLATE utf8_unicode_ci NOT NULL,
  `gender` tinyint(1) NOT NULL,
  `birthday` date NOT NULL,
  `address` text COLLATE utf8_unicode_ci NOT NULL,
  `status` tinyint(1) NOT NULL,
  `date_register` date NOT NULL,
  `blog_id` int(11) DEFAULT NULL,
  PRIMARY KEY (`id`) USING BTREE,
  KEY `blog_id` (`blog_id`)
) ENGINE=InnoDB AUTO_INCREMENT=4 DEFAULT CHARSET=utf8 COLLATE=utf8_unicode_ci ROW_FORMAT=DYNAMIC;
BEGIN;
LOCK TABLES `bookstore`.`address` WRITE;
DELETE FROM `bookstore`.`address`;
INSERT INTO `bookstore`.`address` (`id`,`permanent_residence`,`city`,`country`) VALUES (0, 'abc', 'bcd', 'def');
UNLOCK TABLES;
COMMIT;
BEGIN;
LOCK TABLES `bookstore`.`author` WRITE;
DELETE FROM `bookstore`.`author`;
INSERT INTO `bookstore`.`author` (`id`,`name`) VALUES (0, NULL),(1, 'Paulo Coelho'),(2, 'José Mauro de Vasconcelos'),(3, 'Hae Min'),(4, 'Mario Puzo'),(5, 'Nguyễn Nhật Ánh'),(6, 'Nguyên Phong'),(7, 'Andrea Hirata'),(8, 'Madeline Miller'),(9, 'Khaled Hosseini'),(10, 'Luis Sepúlveda'),(11, 'Miêu Công Tử'),(12, 'Nguyễn Ngọc Thuần'),(13, 'Nguyễn Hữu Nam'),(14, 'Agatha Christie'),(15, 'Nina LaCour'),(16, 'Erich Maria Remarque'),(17, 'Sidney Sheldon'),(18, 'André Aciman'),(19, 'Khotudien'),(20, 'Tony Buổi Sáng'),(21, 'Ở Đây Zui Nè'),(22, 'Anh Cầm Fact'),(23, 'Tuệ Nghi'),(24, 'Phạm Lữ Ân'),(25, 'Ngoa'),(26, 'Trí'),(27, 'Thought Catalog'),(28, 'Jenny Kiều'),(29, 'Nhất Linh'),(30, 'Cinderella'),(31, 'Frank Herbert'),(32, 'Đài Tiếng Nói GenZ'),(33, 'Thiên An '),(34, 'An'),(35, 'Hiên'),(36, 'Trần Minh Phương Thảo'),(37, 'Dương Thùy'),(38, 'Nguyễn Bảo Trung'),(39, 'Mèo Mốc'),(40, 'Quan Đông Dã Khách');
UNLOCK TABLES;
COMMIT;
BEGIN;
LOCK TABLES `bookstore`.`blog` WRITE;
DELETE FROM `bookstore`.`blog`;
UNLOCK TABLES;
COMMIT;
BEGIN;
LOCK TABLES `bookstore`.`cart` WRITE;
DELETE FROM `bookstore`.`cart`;
UNLOCK TABLES;
COMMIT;
BEGIN;
LOCK TABLES `bookstore`.`category` WRITE;
DELETE FROM `bookstore`.`category`;
INSERT INTO `bookstore`.`category` (`id`,`name`) VALUES (1, 'Tiểu thuyết'),(2, 'Truyện ngắn');
UNLOCK TABLES;
COMMIT;
BEGIN;
LOCK TABLES `bookstore`.`customer` WRITE;
DELETE FROM `bookstore`.`customer`;
INSERT INTO `bookstore`.`customer` (`id`,`usename`,`password`,`fullname`,`email`,`address_id`,`sex`,`date`,`phone`) VALUES (0, 'dungduy02', '123', 'Nguyen Duy Dung', 'dungduy020@gmail.com', 0, 'nam', '0000-00-00 00:00:00', '0987654332');
UNLOCK TABLES;
COMMIT;
BEGIN;
LOCK TABLES `bookstore`.`detail_cart` WRITE;
DELETE FROM `bookstore`.`detail_cart`;
UNLOCK TABLES;
COMMIT;
BEGIN;
LOCK TABLES `bookstore`.`detail_order` WRITE;
DELETE FROM `bookstore`.`detail_order`;
UNLOCK TABLES;
COMMIT;
BEGIN;
LOCK TABLES `bookstore`.`detail_product` WRITE;
DELETE FROM `bookstore`.`detail_product`;
INSERT INTO `bookstore`.`detail_product` (`product_id`,`publisher_id`,`category_id`,`sale_id`) VALUES (0, 5, NULL, NULL),(1, 1, 1, 1),(2, 1, 1, 1),(3, 1, 1, 1),(4, 2, 1, 1),(5, 3, 1, 1),(6, 4, 1, 1),(7, 1, 1, 1),(8, 3, 1, 1),(9, 3, 1, 1),(10, 3, 1, 1),(11, 3, 1, 1),(13, 6, 1, 1),(14, 1, 1, 1),(15, 7, 1, 1),(16, 3, 1, 1),(17, 3, 1, 1),(18, 3, 1, 1),(19, 8, 1, 1),(20, 3, 1, 1),(21, 5, 1, 1),(22, 3, 1, 1),(23, 8, 1, 1),(24, 8, 1, 1),(25, 6, 2, 1),(26, 3, 2, 1),(27, 6, 2, 1),(28, 9, 2, 1),(29, 6, 2, 1),(30, 9, 2, 1),(31, 1, 2, 1),(32, 3, 2, 1),(33, 9, 2, 1),(34, 8, 2, 1),(35, 9, 2, 1),(36, 7, 2, 1),(37, 8, 2, 1),(38, 10, 2, 1),(39, 9, 2, 1),(40, 1, 2, 1),(41, 2, 2, 1),(42, 6, 2, 1),(43, 6, 2, 1),(44, 6, 2, 1),(45, 11, 2, 1),(46, 1, 2, 1),(47, 12, 2, 1),(48, 1, 2, 1),(49, 7, 2, 1);
UNLOCK TABLES;
COMMIT;
BEGIN;
LOCK TABLES `bookstore`.`order` WRITE;
DELETE FROM `bookstore`.`order`;
UNLOCK TABLES;
COMMIT;
BEGIN;
LOCK TABLES `bookstore`.`products` WRITE;
DELETE FROM `bookstore`.`products`;
INSERT INTO `bookstore`.`products` (`id`,`name`,`picture`,`description`,`price`,`quanity`,`author_id`) VALUES (0, 'Tìm Em Nơi Anh - Find Me', 'https://firebasestorage.googleapis.com/v0/b/image-c757c.appspot.com/o/tieuthuyet%2Ftim%20em%20noi%20anh.jpg?alt=media&token=56439706-ff5f-4333-9056-e9b3d4fc5372', 'Đây là cuốn tiếp theo sau \"Gọi em bằng tên anh\" (Call me by your name). Những nhân vật gặp lại, và câu chuyện nhiều năm sau, khi họ đều đã lớn tuổi hơn và có những ngã rẽ riêng trong cuộc đời mình.\r\nTác giả chia sẻ thêm về quyết định viết tiếp câu chuyện:', 87200.00, NULL, 18),(1, 'Nhà Giả Kim (Tái Bản 2020)', 'https://firebasestorage.googleapis.com/v0/b/image-c757c.appspot.com/o/tieuthuyet%2Fnha_gia_kim.jpg?alt=media&token=685ccefe-8fc4-4c74-a08b-ed4d5400bae5', 'Tất cả những trải nghiệm trong chuyến phiêu du theo đuổi vận mệnh của mình đã giúp Santiago thấu hiểu được ý nghĩa sâu xa nhất của hạnh phúc, hòa hợp với vũ trụ và con người. \r\n\r\nTiểu thuyết Nhà giả kim của Paulo Coelho như một câu chuyện cổ tích giản dị,', 67150.00, NULL, 1),(2, 'Cây Cam Ngọt Của Tôi', 'https://firebasestorage.googleapis.com/v0/b/image-c757c.appspot.com/o/tieuthuyet%2Fcay_cam_ngot_cua_toi.jpg?alt=media&token=76128e8f-acd9-4add-a634-0220c27f5567', 'Vị chua chát của cái nghèo hòa trộn với vị ngọt ngào khi khám phá ra những điều khiến cuộc đời này đáng sống... một tác phẩm kinh điển của Brazil.” - Booklist\r\n\r\n“Một cách nhìn cuộc sống gần như hoàn chỉnh từ con mắt trẻ thơ… có sức mạnh sưởi ấm và làm ta', 91800.00, NULL, 2),(3, 'Bước Chậm Lại Giữa Thế Gian Vội Vã (Tái Bản 2018)', 'https://firebasestorage.googleapis.com/v0/b/image-c757c.appspot.com/o/tieuthuyet%2Fbuoc_cham_lai_giua_the_gian_voi_va.jpg?alt=media&token=04ec1e26-7402-49f2-ba9d-134fa3d81e3f', 'Bước Chậm Lại Giữa Thế Gian Vội Vã (Tái Bản 2018)\r\n\r\nChen vai thích cánh để có một chỗ bám trên xe buýt giờ đi làm, nhích từng xentimét bánh xe trên đường lúc tan sở, quay cuồng với thi cử và tiến độ công việc, lu bù vướng mắc trong những mối quan hệ cả t', 68000.00, NULL, 3),(4, 'Bố Già (Đông A)', 'https://firebasestorage.googleapis.com/v0/b/image-c757c.appspot.com/o/tieuthuyet%2Fbo%20gia.jpg?alt=media&token=5e3d32dd-feed-44f1-a861-ff956a67d062', 'Bố Già (Đông A)\r\n\r\nThế giới ngầm được phản ánh trong tiểu thuyết Bố già là sự gặp gỡ giữa một bên là ý chí cương cường và nền tảng gia tộc chặt chẽ theo truyền thống mafia xứ Sicily với một bên là xã hội Mỹ nhập nhằng đen trắng, mảnh đất màu mỡ cho những ', 71500.00, NULL, 4),(5, 'Con Chim Xanh Biếc Bay Về - Tặng Kèm 6 Postcard', 'https://firebasestorage.googleapis.com/v0/b/image-c757c.appspot.com/o/tieuthuyet%2Fcon%20chim%20xanh%20biec%20bay%20ve.jpg?alt=media&token=0347d6e2-beba-4796-b801-4b0d1a7b33b9', 'Con Chim Xanh Biếc Bay Về\r\n\r\nKhông giống như những tác phẩm trước đây lấy bối cảnh vùng quê miền Trung đầy ắp những hoài niệm tuổi thơ dung dị, trong trẻo với các nhân vật ở độ tuổi dậy thì, trong quyển sách mới lần này nhà văn Nguyễn Nhật Ánh lấy bối cản', 112500.00, NULL, 5),(6, 'Dấu Chân Trên Cát (Tái Bản 2020)', 'https://firebasestorage.googleapis.com/v0/b/image-c757c.appspot.com/o/tieuthuyet%2Fdau%20chan%20tren%20cat.jpg?alt=media&token=3bae80ce-d35c-431e-8f17-efb3a7793f51', '“Dấu chân trên cát” là tác phẩm được dịch giả Nguyên Phong phóng tác kể về xã hội Ai Cập thế kỷ thứ XIV trước CN, qua lời kể của nhân vật chính -  Sinuhe.\r\n\r\nNgày nay, người ta biết đến triều đại các vua chúa Ai Cập thời cổ qua sách vở của người Hy Lạp.', 100640.00, NULL, 6),(7, 'Chiến Binh Cầu Vồng (Tái Bản 2020)', 'https://firebasestorage.googleapis.com/v0/b/image-c757c.appspot.com/o/tieuthuyet%2Fchien%20binh%20cau%20vong.jpg?alt=media&token=8695de7f-c6cb-4f3b-9fb3-ac8ba98276e9', 'Một tác phẩm có tầm ảnh hưởng sâu rộng nhất Indonesia\r\n\r\n“Thầy Harfan và cô Mus nghèo khổ đã mang đến cho tôi tuổi thơ đẹp nhất, tình bạn đẹp nhất, và tâm hồn phong phú, một thứ gì đó vô giá, thậm chí còn có giá trị hơn những khao khát mơ ước. Có thể tôi ', 92650.00, NULL, 7),(8, 'Cho Tôi Xin Một Vé Đi Tuổi Thơ (Bìa Mềm) (Tái Bản 2018)', 'https://firebasestorage.googleapis.com/v0/b/image-c757c.appspot.com/o/tieuthuyet%2Fcho%20toi%20xin%201%20ve%20di%20tuoi%20th%C6%A1.jpg?alt=media&token=d3f574bc-c0ed-4535-b01b-1daa12b95753', 'Trong Cho tôi xin một vé đi tuổi thơ, nhà văn Nguyễn Nhật Ánh mời người đọc lên chuyến tàu quay ngược trở lại thăm tuổi thơ và tình bạn dễ thương của 4 bạn nhỏ. Những trò chơi dễ thương thời bé, tính cách thật thà, thẳng thắn một cách thông minh và dại dộ', 64000.00, NULL, 5),(9, 'Tôi Là Bêtô (Tái Bản 2018)', 'https://firebasestorage.googleapis.com/v0/b/image-c757c.appspot.com/o/tieuthuyet%2Ftoi%20la%20beto.jpg?alt=media&token=2b509c92-0c83-4b07-9221-60500cbebfc0', 'Truyện Tôi là Bêtô là sáng tác mới nhất của nhà văn Nguyễn Nhật Ánh được viết theo phong cách hoàn toàn khác so với những tác phẩm trước đây của ông. Những mẩu chuyện, hay những phát hiện của chú chó Bêtô đầy thú vị, vừa hài hước, vừa chiêm nghiệm một các', 72250.00, NULL, 5),(10, 'Cảm Ơn Người Lớn (Bìa Mềm)', 'https://firebasestorage.googleapis.com/v0/b/image-c757c.appspot.com/o/tieuthuyet%2Fcam%20on%20nguoi%20lon.jpg?alt=media&token=dfa6afc3-2f07-4149-9ae3-758cd539fb89', 'Cảm Ơn Người Lớn (Bìa Mềm)\r\n\r\nCảm ơn người lớn - một áng văn lãng mạn trong giọng hài hước đặc biệt “dành cho trẻ em, và những ai từng là trẻ em”..\r\n\r\nBạn sẽ gặp lại Mùi, Tủn, Tí sún, Hải cò… của Cho tôi xin một vé đi tuổi thơ, cùng chơi những trò chơi qu', 88000.00, NULL, 5),(11, 'Bàn Có 5 Chỗ Ngồi (Tái Bản 2018)', 'https://firebasestorage.googleapis.com/v0/b/image-c757c.appspot.com/o/tieuthuyet%2Fban%20co%205%20cho%20ngoi.jpg?alt=media&token=2a12f6de-9ad0-4ccd-ae06-0d169f06fddb', 'Tác giả quen thuộc của thiếu nhi, của tuổi ô mai. Những tập truyện của anh luôn dí dỏm, hài hước, đem lại nhiều cảm xúc, nhiều bài học nhẹ nhàng cho lứa tuổi học trò. Hãy đọc để cùng gặp những nhân vật rất dễ thương, hoặc phải vượt qua những hoàn cảnh khó', 44550.00, NULL, 5),(12, 'Trường Ca Achilles', 'https://firebasestorage.googleapis.com/v0/b/image-c757c.appspot.com/o/tieuthuyet%2Ftruong%20ca.jpg?alt=media&token=6bfcb27a-dca1-4966-b5f5-00bbef057962', 'HUYỀN THOẠI BẮT ĐẦU…\r\n\r\nHy Lạp vào thời hoàng kim của các anh hùng. Patroclus là một hoàng tử trẻ vụng về, bị trục xuất tới vương quốc Phthia và được nuôi dạy dưới sự che chở của vua Peleus cùng cậu con trai hoàng kim của ngài, Achilles. “Người Hy Lạp vĩ ', 148200.00, NULL, 8),(14, 'Chuyện Con Ốc Sên Muốn Biết Tại Sao Nó Chậm Chạp (Tái Bản 2018)', 'https://firebasestorage.googleapis.com/v0/b/image-c757c.appspot.com/o/tieuthuyet%2Fchuyen%20con%20oc%20sen%20muon%20biet%20tai%20sao%20no%20cham%20cham.jpg?alt=media&token=7b1f75ad-ff71-4b53-8f57-1e3f88a6218e', 'Đây là câu chuyện về một bầy ốc sên sống tại Quê Hương Bồ Công Anh, dưới tán lá ô rô rậm rạp, vốn vẫn sống một cuộc đời chậm chạp, lặng lẽ, và chỉ gọi nhau đơn giản là “sên”, cho tới khi một con trong số chúng nghĩ rằng thật bất công khi không có một cái ', 33150.00, NULL, 10),(15, '999 Lá Thư Gửi Cho Chính Mình - Mong Bạn Trở Thành Phiên Bản Hoàn Hảo Nhất (Tập 1) - Tái Bản 2021', 'https://firebasestorage.googleapis.com/v0/b/image-c757c.appspot.com/o/tieuthuyet%2F999%20la%20thu.jpg?alt=media&token=3fd8b810-1802-445d-9b4e-616e916be008', '“999 lá thư gửi cho chính mình” là một tác phẩm đặc biệt đầy cảm hứng đến từ tác giả văn học mạng nổi tiếng Miêu Công Tử, mang một màu sắc riêng biệt qua những lời thư nhỏ nhắn nhủ đến người đọc về giá trị cuộc sống, tình yêu, tuổi trẻ, tương lai… v.v.. đ', 105780.00, NULL, 11),(16, 'Có Hai Con Mèo Ngồi Bên Cửa Sổ (Tái Bản 2018)', 'https://firebasestorage.googleapis.com/v0/b/image-c757c.appspot.com/o/tieuthuyet%2Fco%202%20con%20meo%20ngoi%20ben%20cua%20so.jpg?alt=media&token=2caceff7-3c19-40c6-a546-7bdcde57f1ba', 'Có Hai Con Mèo Ngồi Bên Cửa Sổ (Tái Bản 2018)\r\n\r\nÓ HAI CON MÈO NGỒI BÊN CỬA SỔ là tác phẩm đầu tiên của nhà văn Nguyễn Nhật Ánh viết theo thể loại đồng thoại. Đặc biệt hơn nữa là viết về tình bạn của hai loài vốn là thù địch của nhau mèo và chuột. Đó là t', 72250.00, NULL, 5),(17, 'Mắt Biếc (Tái Bản 2019)', 'https://firebasestorage.googleapis.com/v0/b/image-c757c.appspot.com/o/tieuthuyet%2Fmat%20biec.jpg?alt=media&token=47136697-e742-45df-ad48-f8ff89b168c6', 'Mắt Biếc (Tái Bản 2019)\r\n\r\nMắt biếc là một tác phẩm được nhiều người bình chọn là hay nhất của nhà văn Nguyễn Nhật Ánh. Tác phẩm này cũng đã được dịch giả Kato Sakae dịch sang tiếng Nhật để giới thiệu với độc giả Nhật Bản.\r\n\r\n“Tôi gửi tình yêu cho mùa hè,', 93000.00, NULL, 5),(18, 'Vừa Nhắm Mắt Vừa Mở Cửa Sổ (Tái Bản 2018)', 'https://firebasestorage.googleapis.com/v0/b/image-c757c.appspot.com/o/tieuthuyet%2Fvua%20nham%20mat%20vua%20mo%20cua%20so.jpg?alt=media&token=e5bcc825-2dd9-40cf-a6fe-bb7937b667dd', 'Vừa Nhắm Mắt Vừa Mở Cửa Sổ\r\n\r\nTập sách hay, dễ thương, và còn nhiều mỹ từ khác nữa xứng đáng được dành cho nó. Hãy tìm đọc nội dung thay vì đọc trước phần giới thiệu sách này viết gì…. Như thế, bạn sẽ càng thích thú hơn với “Vừa nhắm mắt, vừa mở cửa sổ”.', 48950.00, NULL, 12),(19, 'Vua Thành Thái (Tiểu Thuyết Lịch Sử)', 'https://firebasestorage.googleapis.com/v0/b/image-c757c.appspot.com/o/tieuthuyet%2Fvua%20thanh%20thai.jpg?alt=media&token=5f00a052-0b55-4633-86a7-7ed9694608c0', 'Một cựu vương đã chấp nhận bị phế truất khỏi ngai vàng để rồi bước vào cuộc lưu đày biệt xứ ở đảo La Réunion (Phi châu), thay vì làm ông vua bù nhìn dưới ách cai trị của thực dân Pháp. Một cựu vương trong những ngày tháng lưu vong đã chọn lao động chân ta', 85200.00, NULL, 13),(20, 'Thung Lũng Bất Hạnh - The Hollow', 'https://firebasestorage.googleapis.com/v0/b/image-c757c.appspot.com/o/tieuthuyet%2Fthung%20lung%20bat%20hanh.jpg?alt=media&token=b9533a9b-5a92-455f-92ca-8006e6166f58', 'Khi có mặt tại trang viên Thung Lũng để ăn trưa theo lời mời của bà Lucy Angkatell, thám tử Hercule Poirot không mấy vui khi thấy những vị khách đã dàn dựng một hiện trường án mạng bên hồ bơi để trêu chọc mình.\r\nThật không may, đó là thật. Lúc những giọt ', 104400.00, NULL, 14),(21, 'Ba Nghìn Dặm - We Are Okay', 'https://firebasestorage.googleapis.com/v0/b/image-c757c.appspot.com/o/tieuthuyet%2Fba%20nghin%20dam.jpg?alt=media&token=d8180d47-9da0-457a-b44f-f9fe576c9781', 'Tác phẩm đạt giải thưởng Printz năm 2018\r\n\r\nMarin chưa từng liên lạc với ai trong quãng đời ngày xưa của mình kể từ khi cô bỏ lại mọi thứ sau lưng. Không ai biết được sự thật về những tuần cuối cùng đó. Kể cả người bạn thân Mabel của cô. Nhưng ngay cả khi', 62640.00, NULL, 15),(22, 'Tôi Thấy Hoa Vàng Trên Cỏ Xanh (Bản In Mới - 2018)', 'https://firebasestorage.googleapis.com/v0/b/image-c757c.appspot.com/o/tieuthuyet%2Ftoi%20thay%20hoa%20vang%20tren%20co%20xanh.jpg?alt=media&token=a45b6221-cea9-4484-9bec-a5ddb90debd4', 'Những câu chuyện nhỏ xảy ra ở một ngôi làng nhỏ: chuyện người, chuyện cóc, chuyện ma, chuyện công chúa và hoàng tử , rồi chuyện đói ăn, cháy nhà, lụt lội,... Bối cảnh là trường học, nhà trong xóm, bãi tha ma. Dẫn chuyện là cậu bé 15 tuổi tên Thiều. Thiều ', 100000.00, NULL, 5),(23, 'Phía Tây Không Có Gì Lạ', 'https://firebasestorage.googleapis.com/v0/b/image-c757c.appspot.com/o/tieuthuyet%2Fphia%20tay%20khong%20c%C3%B3%20g%C3%AC%20la.jpg?alt=media&token=6f9e9762-06c2-4a72-8265-c0e5cdca6463', 'Phía Tây Không Có Gì Lạ\r\n\r\nThế chiến thứ nhất nổ ra, những chàng trai đang ngồi trên ghế nhà trường bị chuyển thẳng ra mặt trận. Tại đây sự khốc liệt của chiến tranh đã khiến họ tê dại khi bom đạn không chỉ tước đi những phần cơ thể mà còn cả tâm hồn. Thế', 39000.00, NULL, 16),(24, 'Hãy Kể Giấc Mơ Của Em (Tái Bản 2018)', 'https://firebasestorage.googleapis.com/v0/b/image-c757c.appspot.com/o/tieuthuyet%2Fhay%20ke%20giac%20mo%20cua%20em.jpg?alt=media&token=6fca8582-be75-4f76-981d-fa848812b1a4', 'Ai là kẻ đã gây ra những vụ giết người hàng loạt với thủ đoạn vô cùng tàn độc? Tại sao những nạn nhân đều là đàn ông và thi thể họ đều bị biến mất bộ phận sinh dục? Sự hiện hữu của Toni, nhục cảm, sôi nổi nhưng đầy hận thù... Alette, đáng yêu và kiêu hãnh', 86900.00, NULL, 17),(25, 'Từ Điển Tiếng “Em” - Tái Bản 2021', 'https://firebasestorage.googleapis.com/v0/b/image-c757c.appspot.com/o/truyenngan%2Fbia_tudientiengem-_1_.jpg?alt=media&token=7adc66fc-8045-4445-bada-f4fae80e5118', 'TỪ ĐIỂN TIẾNG “EM” – Định nghĩa về thế giới mới!\r\n\r\nBạn sẽ bất ngờ, khi cầm cuốn “từ điển” xinh xinh này trên tay.\r\n\r\nVà sẽ còn ngạc nhiên hơn nữa, khi bắt đầu đọc từng trang sách…\r\n\r\nDĩ nhiên là vì “Từ điển tiếng “Em” không phải là một cuốn từ điển thông thường rồi!\r\n\r\nNói đến “từ điển”, xưa nay chúng ta đều nghĩ về một bộ sách đồ sộ, giải thích ý nghĩa, cách dùng, dịch, cách phát âm, và thường kèm theo các ví dụ về cách sử dụng từ đó.\r\n\r\nTuy nhiên, với cuốn sách “Từ điển tiếng “em”, các bạn sẽ hết sức bất ngờ với những định nghĩa mới, bắt trend, sáng tạo, thông minh và vô cùng hài hước.\r\n\r\nTiếng “em” [danh từ] ở đây là tiếng lòng của những người yêu sự thật, ghét sự giả dối\r\n\r\nCô đơn [ tính từ ] không phải là không có ai bên cạnh, mà là người mình muốn ở cạnh lại không hề ở bên\r\n\r\nSống lỗi [ động từ ] là cách sống của mấy bạn có người yêu cái là bỏ bê bạn bè liền hà...\r\n\r\nNhưng đây không chỉ là cuốn sách chỉ biết nói dăm ba câu chuyện về tình yêu.\r\nCòn nhiều hơn thế!\r\n\r\nLà những câu cửa miệng của giới trẻ thời nay; là hoạt động tưởng vô bổ nhưng cần thiết cho sự sống: ăn, ngủ, tắm, gội cũng được định nghĩa hết sức dí dỏm... Và cũng không thiếu những “tật xấu, thói hư” nghĩ đến đã thấy “tức cái lồng ngực”...\r\n\r\nVà bạn yên tâm, “tập đoàn” Kho Từ Điển điều hành bởi Thịt Kho – Hiệp Thị - 2 chủ xị cho ra đời cuốn sách nhỏ bé xíu xiu nhưng mới mẻ và mặn mà vô cùng này sẽ khiến bạn thoát mác “người tối cổ” cười cả ngày không chán, nhìn bạn bè quanh mình bằng ánh mắt dễ thương, tận hưởng cuộc đời với những định nghĩa hoàn toàn!!!\r\n\r\nCuốn sách này giống như một chiếc hộp Pandora thú vị và hấp dẫn người đọc, vì bạn không thể đoán trước được tác giả sẽ “định nghĩa” câu nói đó theo nghĩa nào, cho ta thêm thích thú với những ngôn từ đáng yêu sử dụng mỗi ngày.\r\nVậy nên, ngay bây giờ, bạn đã sẵn sàng để mở ra những điều thú vị trong cuốn sách này chưa!!!\r\n\r\nMã hàng	8935325000980\r\nTên Nhà Cung Cấp	Skybooks\r\nTác giả	Khotudien\r\nNXB	NXB Phụ Nữ Việt Nam\r\nNăm XB	2021\r\nNgôn Ngữ	Tiếng Việt\r\nTrọng lượng (gr)	300.0000\r\nKích Thước Bao Bì	12 x 10 cm\r\nSố trang	280\r\nHình thức	Bìa Mềm\r\nSản phẩm hiển thị trong	\r\nZaloPay\r\nSản phẩm bán chạy nhất	Top 100 sản phẩm Truyện ngắn - Tản Văn bán chạy của tháng\r\nTỪ ĐIỂN TIẾNG “EM” – Định nghĩa về thế giới mới!\r\n\r\nBạn sẽ bất ngờ, khi cầm cuốn “từ điển” xinh xinh này trên tay.\r\n\r\nVà sẽ còn ngạc nhiên hơn nữa, khi bắt đầu đọc từng trang sách…\r\n\r\nDĩ nhiên là vì “Từ điển tiếng “Em” không phải là một cuốn từ điển thông thường rồi!\r\n\r\nNói đến “từ điển”, xưa nay chúng ta đều nghĩ về một bộ sách đồ sộ, giải thích ý nghĩa, cách dùng, dịch, cách phát âm, và thường kèm theo các ví dụ về cách sử dụng từ đó.\r\n\r\nTuy nhiên, với cuốn sách “Từ điển tiếng “em”, các bạn sẽ hết sức bất ngờ với những định nghĩa mới, bắt trend, sáng tạo, thông minh và vô cùng hài hước.\r\n\r\nTiếng “em” [danh từ] ở đây là tiếng lòng của những người yêu sự thật, ghét sự giả dối\r\n\r\nCô đơn [ tính từ ] không phải là không có ai bên cạnh, mà là người mình muốn ở cạnh lại không hề ở bên\r\n\r\nSống lỗi [ động từ ] là cách sống của mấy bạn có người yêu cái là bỏ bê bạn bè liền hà...\r\n\r\nNhưng đây không chỉ là cuốn sách chỉ biết nói dăm ba câu chuyện về tình yêu.\r\nCòn nhiều hơn thế!\r\n\r\nLà những câu cửa miệng của giới trẻ thời nay; là hoạt động tưởng vô bổ nhưng cần thiết cho sự sống: ăn, ngủ, tắm, gội cũng được định nghĩa hết sức dí dỏm... Và cũng không thiếu những “tật xấu, thói hư” nghĩ đến đã thấy “tức cái lồng ngực”...\r\n\r\nVà bạn yên tâm, “tập đoàn” Kho Từ Điển điều hành bởi Thịt Kho – Hiệp Thị - 2 chủ xị cho ra đời cuốn sách nhỏ bé xíu xiu nhưng mới mẻ và mặn mà vô cùng này sẽ khiến bạn thoát mác “người tối cổ” cười cả ngày không chán, nhìn bạn bè quanh mình bằng ánh mắt dễ thương, tận hưởng cuộc đời với những định nghĩa hoàn toàn!!!\r\n\r\nCuốn sách này giống như một chiếc hộp Pandora thú vị và hấp dẫn người đọc, vì bạn không thể đoán trước được tác giả sẽ “định nghĩa” câu nói đó theo nghĩa nào, cho ta thêm thích thú với những ngôn từ đáng yêu sử dụng mỗi ngày.\r\nVậy nên, ngay bây giờ, bạn đã sẵn sàng để mở ra những điều thú vị trong cuốn sách này chưa!!!', 45540.00, NULL, 19),(26, 'Cà Phê Cùng Tony (Tái Bản 2017)', 'https://firebasestorage.googleapis.com/v0/b/image-c757c.appspot.com/o/truyenngan%2Funtitled-9_19.jpg?alt=media&token=0701a443-0f91-4b86-8eb6-7f396438cc48', 'Cà Phê Cùng Tony\r\n\r\nCó đôi khi vào những tháng năm bắt đầu vào đời, giữa vô vàn ngả rẽ và lời khuyên, khi rất nhiều dự định mà thiếu đôi phần định hướng, thì CẢM HỨNG là điều quan trọng để bạn trẻ bắt đầu bước chân đầu tiên trên con đường theo đuổi giấc mơ của mình. Cà Phê Cùng Tony là tập hợp những bài viết của tác giả Tony Buổi Sáng. Đúng như tên gọi, mỗi bài nhẹ nhàng như một tách cà phê, mà bạn trẻ có thể nhận ra một chút gì của chính mình hay bạn bè mình trong đó: Từ chuyện lớn như định vị bản thân giữa bạn bè quốc tế, cho đến chuyện nhỏ như nên chú ý những phép tắc xã giao thông thường.\r\n\r\nChúng tôi tin rằng những người trẻ tuổi luôn mang trong mình khát khao vươn lên và tấm lòng hướng thiện, và có nhiều cách để động viên họ biến điều đó thành hành động. Nếu như tập sách nhỏ này có thể khơi gợi trong lòng bạn đọc trẻ một cảm hứng tốt đẹp, như tách cà phê thơm vào đầu ngày nắng mới, thì đó là niềm vui lớn của tác giả Tony Buổi Sáng.\r\n\r\nTony Buổi Sáng cũng là tác giả của Trên đường băng, tác phẩm hiện đã bán hơn 200.000 bản.\r\n\r\n***\r\n\r\nTrích đoạn:\r\n\r\n... Thật ra Tony hiểu vì sao các bác giáo sư tiến sĩ soạn sách đã phải đưa vào nhiều nội dung như vậy. Rất là tâm huyết và đáng trân trọng. Vì ngày xưa, kiến thức rất khó tìm. Nhiều điều hữu ích chỉ nằm trong sách, trong thư viện các thành phố lớn, các trường các viện đại học lớn và người ta phải nhớ mọi thứ, nên phải cộng điểm cho học sinh nông thôn vì ít cơ hội tiếp cận kiến thức. Nhưng, bây giờ kiến thức nằm hết trên mạng, trong file máy tính, truy cập là ra ngay, nên các nước đã phải thay đổi chương trình học phổ thông sau khi máy tính và internet ra đời. Học sinh chỉ cần nhớ những gì cốt lõi, và PHƯƠNG PHÁP tìm kiếm tài liệu. Vì chữ nghĩa rồi cũng sẽ rụng rơi theo thời gian, kiến thức mới lại bổ sung liên tục, nên phương pháp tìm kiếm thông tin tốt sẽ giúp ích cho các bạn trong cuộc sống sau này. Làm ngành nghề gì cũng phải cập nhật cái mới...\r\n\r\nMã hàng	8934974151579\r\nTên Nhà Cung Cấp	NXB Trẻ\r\nTác giả	Tony Buổi Sáng\r\nNXB	NXB Trẻ\r\nNăm XB	2017\r\nTrọng lượng (gr)	240.0000\r\nKích Thước Bao Bì	13 x 20\r\nSố trang	268\r\nHình thức	Bìa Mềm\r\nSản phẩm bán chạy nhất	Top 100 sản phẩm Truyện ngắn - Tản Văn bán chạy của tháng\r\nCà Phê Cùng Tony\r\n\r\nCó đôi khi vào những tháng năm bắt đầu vào đời, giữa vô vàn ngả rẽ và lời khuyên, khi rất nhiều dự định mà thiếu đôi phần định hướng, thì CẢM HỨNG là điều quan trọng để bạn trẻ bắt đầu bước chân đầu tiên trên con đường theo đuổi giấc mơ của mình. Cà Phê Cùng Tony là tập hợp những bài viết của tác giả Tony Buổi Sáng. Đúng như tên gọi, mỗi bài nhẹ nhàng như một tách cà phê, mà bạn trẻ có thể nhận ra một chút gì của chính mình hay bạn bè mình trong đó: Từ chuyện lớn như định vị bản thân giữa bạn bè quốc tế, cho đến chuyện nhỏ như nên chú ý những phép tắc xã giao thông thường.\r\n\r\nChúng tôi tin rằng những người trẻ tuổi luôn mang trong mình khát khao vươn lên và tấm lòng hướng thiện, và có nhiều cách để động viên họ biến điều đó thành hành động. Nếu như tập sách nhỏ này có thể khơi gợi trong lòng bạn đọc trẻ một cảm hứng tốt đẹp, như tách cà phê thơm vào đầu ngày nắng mới, thì đó là niềm vui lớn của tác giả Tony Buổi Sáng.\r\n\r\nTony Buổi Sáng cũng là tác giả của Trên đường băng, tác phẩm hiện đã bán hơn 200.000 bản.\r\n\r\n***\r\n\r\nTrích đoạn:\r\n\r\n... Thật ra Tony hiểu vì sao các bác giáo sư tiến sĩ soạn sách đã phải đưa vào nhiều nội dung như vậy. Rất là tâm huyết và đáng trân trọng. Vì ngày xưa, kiến thức rất khó tìm. Nhiều điều hữu ích chỉ nằm trong sách, trong thư viện các thành phố lớn, các trường các viện đại học lớn và người ta phải nhớ mọi thứ, nên phải cộng điểm cho học sinh nông thôn vì ít cơ hội tiếp cận kiến thức. Nhưng, bây giờ kiến thức nằm hết trên mạng, trong file máy tính, truy cập là ra ngay, nên các nước đã phải thay đổi chương trình học phổ thông sau khi máy tính và internet ra đời. Học sinh chỉ cần nhớ những gì cốt lõi, và PHƯƠNG PHÁP tìm kiếm tài liệu. Vì chữ nghĩa rồi cũng sẽ rụng rơi theo thời gian, kiến thức mới lại bổ sung liên tục, nên phương pháp tìm kiếm thông tin tốt sẽ giúp ích cho các bạn trong cuộc sống sau này. Làm ngành nghề gì cũng phải cập nhật cái mới...', 90000.00, NULL, 20),(27, 'Vui Vẻ Không Quạu Nha 2 - Một Cuốn Sách Buồn… Cười', 'https://firebasestorage.googleapis.com/v0/b/image-c757c.appspot.com/o/truyenngan%2Fmotcuonsachbuoncuoi.jpg?alt=media&token=497562eb-9730-4a59-ab2c-33736fa5c34e', '“Tôi lúc 6 tuổi: Mẹ ơi, 25 tuổi con sẽ mua cho mẹ một căn nhà lớn và chiếc xe hơi!\r\n\r\nTôi lúc 25 tuổi: Mẹ yêu, shipper đến rồi con còn thiếu 20k để nhận hàng.”\r\n\r\nĐúng là tuổi trẻ chưa trải sự đời, lớn rồi mới biết hóa ra cuộc đời không chỉ có màu hồng, không phải cái gì mình thích, mình muốn là a lê hấp bạn sẽ có được ngay, mà trái lại - bạn phải vật lộn với đủ thứ, dù chỉ đơn giản là để sống một đời bình thường thôi.\r\n\r\nNhưng mà hỏi thật lòng nhé, cuộc đời thực sự “khó ở” và “buồn” tới vậy à?\r\n\r\nNếu mà có, thì xin mời bạn mở ngay cuốn sách mới tinh này của Skybooks, “Một cuốn sách buồn… cười” để thấy hóa ra đời cũng khá là buồn… cười! Tinh túy và mang siêu năng lực “hút hồn” khiến bạn không thể rời mắt, “Một cuốn sách buồn… cười” - tác phẩm thứ hai nối tiếp thành công của cuốn sách Bestseller “Vui vẻ không quạu nha” từ tác giả Ở Đây Zui Nè sẽ khiến bạn cười như chưa bao giờ được cười sau những giờ chiến đấu với cuộc đời đầy căng thẳng!\r\n\r\nMang đậm tính hài hước, tếu táo và trẻ trung của Gen Z, đây sẽ là một cuốn sách dễ dàng khiến nhiều người thích thú bởi như nhìn thấy chính bản thân trong từng trang sách:\r\n\r\n“Có thể bạn thấy tôi bình tĩnh với mọi thứ. Nhưng thực ra trong đầu tôi đã bỏ cuộc 7749 lần”.\r\n\r\n“Vì đây là cuộc sống, nên ngày trước bạn có thể khóc vì người yêu cũ, và tiếp theo bạn thả thính đu dây một lúc với bảy người!”\r\n\r\n“Bạn có biết là con gái luôn đọc tin nhắn trong bảng xem trước. Nhưng họ chỉ trả lời khi họ thật sự muốn trả lời.”\r\n\r\nNhỏ nhắn, nhưng dí dỏm một cách đầy thông minh, tác giả Ở Đây Zui Nè sẽ biến đủ thứ rắc rối thường ngày vẫn làm bạn đau đầu như chuyện “sừng”, chuyện sắm đồ online, chuyện bạn bè, chuyện lương lậu, gia đình... thành những chuyện dễ thở và bớt bực bội hơn rất nhiều.\r\n\r\n“Một cuốn sách buồn… cười” hi vọng siêu phẩm độc đáo này sẽ giúp bạn “đắm mình” trong bể muối để mặn mòi từ da dẻ, thư giãn và điều chỉnh tâm trạng theo cách nghịch ngợm mà đơn giản nhưng hiệu nghiệm nhất!\r\n\r\nVì cuộc đời vốn không dễ dàng, sao chúng mình không sống nó theo một cách khác? Hạnh phúc hơn, theo một cách buồn... cười nhỉ?\r\n\r\nMã hàng	8935325000157\r\nTên Nhà Cung Cấp	Skybooks\r\nTác giả	Ở Đây Zui Nè\r\nNXB	NXB Phụ Nữ Việt Nam\r\nNăm XB	2021\r\nNgôn Ngữ	Tiếng Việt\r\nTrọng lượng (gr)	300.0000\r\nKích Thước Bao Bì	12 x 10 x 0.5 cm\r\nSố trang	280\r\nHình thức	Bìa Mềm\r\nSản phẩm bán chạy nhất	Top 100 sản phẩm Truyện ngắn - Tản Văn bán chạy của tháng\r\n“Tôi lúc 6 tuổi: Mẹ ơi, 25 tuổi con sẽ mua cho mẹ một căn nhà lớn và chiếc xe hơi!\r\n\r\nTôi lúc 25 tuổi: Mẹ yêu, shipper đến rồi con còn thiếu 20k để nhận hàng.”\r\n\r\nĐúng là tuổi trẻ chưa trải sự đời, lớn rồi mới biết hóa ra cuộc đời không chỉ có màu hồng, không phải cái gì mình thích, mình muốn là a lê hấp bạn sẽ có được ngay, mà trái lại - bạn phải vật lộn với đủ thứ, dù chỉ đơn giản là để sống một đời bình thường thôi.\r\n\r\nNhưng mà hỏi thật lòng nhé, cuộc đời thực sự “khó ở” và “buồn” tới vậy à?\r\n\r\nNếu mà có, thì xin mời bạn mở ngay cuốn sách mới tinh này của Skybooks, “Một cuốn sách buồn… cười” để thấy hóa ra đời cũng khá là buồn… cười! Tinh túy và mang siêu năng lực “hút hồn” khiến bạn không thể rời mắt, “Một cuốn sách buồn… cười” - tác phẩm thứ hai nối tiếp thành công của cuốn sách Bestseller “Vui vẻ không quạu nha” từ tác giả Ở Đây Zui Nè sẽ khiến bạn cười như chưa bao giờ được cười sau những giờ chiến đấu với cuộc đời đầy căng thẳng!\r\n\r\nMang đậm tính hài hước, tếu táo và trẻ trung của Gen Z, đây sẽ là một cuốn sách dễ dàng khiến nhiều người thích thú bởi như nhìn thấy chính bản thân trong từng trang sách:\r\n\r\n“Có thể bạn thấy tôi bình tĩnh với mọi thứ. Nhưng thực ra trong đầu tôi đã bỏ cuộc 7749 lần”.\r\n\r\n“Vì đây là cuộc sống, nên ngày trước bạn có thể khóc vì người yêu cũ, và tiếp theo bạn thả thính đu dây một lúc với bảy người!”\r\n\r\n“Bạn có biết là con gái luôn đọc tin nhắn trong bảng xem trước. Nhưng họ chỉ trả lời khi họ thật sự muốn trả lời.”\r\n\r\nNhỏ nhắn, nhưng dí dỏm một cách đầy thông minh, tác giả Ở Đây Zui Nè sẽ biến đủ thứ rắc rối thường ngày vẫn làm bạn đau đầu như chuyện “sừng”, chuyện sắm đồ online, chuyện bạn bè, chuyện lương lậu, gia đình... thành những chuyện dễ thở và bớt bực bội hơn rất nhiều.\r\n\r\n“Một cuốn sách buồn… cười” hi vọng siêu phẩm độc đáo này sẽ giúp bạn “đắm mình” trong bể muối để mặn mòi từ da dẻ, thư giãn và điều chỉnh tâm trạng theo cách nghịch ngợm mà đơn giản nhưng hiệu nghiệm nhất!\r\n\r\nVì cuộc đời vốn không dễ dàng, sao chúng mình không sống nó theo một cách khác? Hạnh phúc hơn, theo một cách buồn... cười nhỉ?', 79000.00, NULL, 21),(28, 'Lì Quá Để Nói Quài', 'https://firebasestorage.googleapis.com/v0/b/image-c757c.appspot.com/o/truyenngan%2Fliquadenoiquai.jpg?alt=media&token=b8dd29c7-7c7a-494d-8eb0-55976ae5d841', 'Lì Quá Để Nói Quài\r\n\r\nAnh Cầm Fact là fanpage đại diện bởi một anh chàng khó ở, sẵn sàng nói hộ tiếng lòng của mọi người về những vấn đề khó đỡ trong cuộc sống. Dù mới ra đời đầu năm 2020, Anh Cầm Fact đã có một lượng tương tác khủng nhờ những hình ảnh và câu quote mặn mòi cùng lối chơi chữ vô cùng duyên dáng.\r\n\r\nSở hữu hơn 250,000 lượt theo dõi trên Facebook, hình ảnh Anh Cầm Fact đã trở nên quen thuộc với những bài post với hàng chục ngàn lượt thích và chia sẻ.\r\n\r\nGiới thiệu sách:\r\n\r\nCuộc sống mà, ở đâu cũng có những đứa lì lợm thích làm theo ý mình.\r\n\r\n7H đi chơi mà 9H nằng nặc đòi về.\r\n\r\nĐợi nó cúng story rồi mới được ăn.\r\n\r\nKhông nhận ảnh qua airdrop mà phải gửi Zalo HD nha.\r\n\r\nVà ti tỉ những hành động khác khiến ta quạu cọ, khó ở.\r\n\r\nThay vì dồn nén, hãy mở ngay \"Lì Quá Để Nói Quài\" - cuốn sách nhỏ xinh định nghĩa những điều không giống ai nhưng đọc xong lại khiến mấy đứa lì cảm thấy “nhột nhột”.\r\n\r\nBận rộn (tính từ): Tôi có vài đơn hàng, tuy không nhiều nhưng xuống lấy cũng mất cả ngày.\r\n\r\nNão cá vàng (danh từ): Mua đồ 6 triệu mới nhớ lương 5 triệu.\r\n\r\nNgười chơi hệ cao su (cụm danh từ): Đợi xíu sắp tới là khi nào tới?\r\n\r\nCó những định nghĩa đọc xong phải chờ một lúc mới “nhảy số” rồi tủm tỉm cười.\r\n\r\nCó những định nghĩa đọc xong lại thấy “tưng tức cái ngực”.\r\n\r\nNếu bạn đang không định nghĩa nổi những hành động của mình và những người xung quanh, cuốn sách này chính là dành cho bạn.\r\n\r\nNếu bạn có đứa bạn nhắc mãi nó vẫn cứ “lì” ra, cuốn sách này dành cho bạn của bạn.\r\n\r\nVà bạn yên tâm, \"Lì Quá Để Nói Quài\" luôn sẵn sàng nói hộ tiếng lòng của bạn về những vấn đề “khó đỡ” trong cuộc sống.\r\n\r\nMã hàng	9786045591420\r\nNhà Cung Cấp	Công Ty Cổ Phần Time Books\r\nTác giả	Anh Cầm Fact\r\nNXB	NXB Hà Nội\r\nNăm XB	2021\r\nNgôn Ngữ	Tiếng Việt\r\nTrọng lượng (gr)	200.0000\r\nKích Thước Bao Bì	15 x 10 cm\r\nSố trang	184\r\nHình thức	Bìa Mềm\r\nSản phẩm bán chạy nhất	Top 100 sản phẩm Truyện ngắn - Tản Văn bán chạy của tháng\r\nLì Quá Để Nói Quài\r\n\r\nAnh Cầm Fact là fanpage đại diện bởi một anh chàng khó ở, sẵn sàng nói hộ tiếng lòng của mọi người về những vấn đề khó đỡ trong cuộc sống. Dù mới ra đời đầu năm 2020, Anh Cầm Fact đã có một lượng tương tác khủng nhờ những hình ảnh và câu quote mặn mòi cùng lối chơi chữ vô cùng duyên dáng.\r\n\r\nSở hữu hơn 250,000 lượt theo dõi trên Facebook, hình ảnh Anh Cầm Fact đã trở nên quen thuộc với những bài post với hàng chục ngàn lượt thích và chia sẻ.\r\n\r\nGiới thiệu sách:\r\n\r\nCuộc sống mà, ở đâu cũng có những đứa lì lợm thích làm theo ý mình.\r\n\r\n7H đi chơi mà 9H nằng nặc đòi về.\r\n\r\nĐợi nó cúng story rồi mới được ăn.\r\n\r\nKhông nhận ảnh qua airdrop mà phải gửi Zalo HD nha.\r\n\r\nVà ti tỉ những hành động khác khiến ta quạu cọ, khó ở.\r\n\r\nThay vì dồn nén, hãy mở ngay \"Lì Quá Để Nói Quài\" - cuốn sách nhỏ xinh định nghĩa những điều không giống ai nhưng đọc xong lại khiến mấy đứa lì cảm thấy “nhột nhột”.\r\n\r\nBận rộn (tính từ): Tôi có vài đơn hàng, tuy không nhiều nhưng xuống lấy cũng mất cả ngày.\r\n\r\nNão cá vàng (danh từ): Mua đồ 6 triệu mới nhớ lương 5 triệu.\r\n\r\nNgười chơi hệ cao su (cụm danh từ): Đợi xíu sắp tới là khi nào tới?\r\n\r\nCó những định nghĩa đọc xong phải chờ một lúc mới “nhảy số” rồi tủm tỉm cười.\r\n\r\nCó những định nghĩa đọc xong lại thấy “tưng tức cái ngực”.\r\n\r\nNếu bạn đang không định nghĩa nổi những hành động của mình và những người xung quanh, cuốn sách này chính là dành cho bạn.\r\n\r\nNếu bạn có đứa bạn nhắc mãi nó vẫn cứ “lì” ra, cuốn sách này dành cho bạn của bạn.\r\n\r\nVà bạn yên tâm, \"Lì Quá Để Nói Quài\" luôn sẵn sàng nói hộ tiếng lòng của bạn về những vấn đề “khó đỡ” trong cuộc sống.', 78000.00, NULL, 22),(29, 'Vui Vẻ Không Quạu Nha (Tái Bản 2021)', 'https://firebasestorage.googleapis.com/v0/b/image-c757c.appspot.com/o/truyenngan%2Fvuivekhongquaunha.jpg?alt=media&token=8b05d9d8-962e-40ee-b6d0-95904fce3d88', 'Cuộc đời ngày ngày nói yêu mình.\r\n\r\nXong cuộc đời lại đủ thứ phức tạp và bất công với mình.\r\nVậy là cuộc đời ghét mình rồi!\r\n\r\nThôi nào!\r\n\r\nThả lỏng và tận hưởng sự vui vẻ đi. Vì chẳng phải cuộc đời đang ghét bạn đâu, mà chính bạn bạn đang loay hoay với những mệt nhọc ở trên đời. Ví dụ như nay đã là deadline mà bỗng bị rớt mạng, sáng nay đi làm quên đem theo ví, hay đồng nghiệp ở công ty nói xấu mình,...\r\n\r\nNếu kể ra thì sẽ có ti tỉ thứ không theo ý mình mỗi ngày. Không nói đến những chuyện bực tức khác, những nỗi buồn chúng ta không làm chủ được, những điều vô tình đến khiến ta quạu cọ và xấu xí. Rồi khi chúng ta cứ để chúng trong lòng sự phiền muộn không biết kéo dài đến bao giờ mới kết thúc.\r\n\r\nCho nên, thay vì để tâm đến những chuyện khiến mình không vui, hãy lựa chọn vui vẻ, bạn sẽ thấy cuộc đời trở nên tuyệt vời hơn rất nhiều. Và để cân bằng những cảm xúc ấy “Vui vẻ không quạu nha” chính là một món quà để lan tỏa và nhân lên niềm vui, một cuốn sách mà ai cũng cần phải có để thêm yêu những điều nhỏ xíu đáng yêu xung quanh mình.\r\n\r\nVui vẻ không quạu nha - Cuốn sách không chỉ mặn mà đúng như tên gọi của nó mà còn bắt kịp các xu hướng được quan tâm từ fanpage nổi tiếng “Ở đây zui nè” sẽ giúp bạn có những tràng cười vui vẻ không ngớt, có cái nhìn khoan dung cởi mở hơn, nhìn nhận những xui xẻo vấp phải bỗng trở nên nhỏ bé dưới góc độ dí dỏm và hài hước.\r\n\r\nVui vẻ không quạu nha - xin được gửi đến những bạn trẻ đang dễ giận dữ, cau có ngoài thế giới kia, những ai đang buồn phiền về rắc rối nào đó, “trái tim” nhỏ bé này còn phải dành cho niềm vui, đừng để bực bội, dỗi hờn từ những điều không đáng chiếm hết chỗ.\r\n\r\nVà hãy hét to với Thế giới rằng “Mình là một người tràn đầy năng lượng,” luôn sẵn sàng để hạnh phúc hơn.\r\n\r\nMã hàng	8935325000997\r\nTên Nhà Cung Cấp	Skybooks\r\nTác giả	Ở Đây Zui Nè\r\nNXB	NXB Phụ Nữ Việt Nam\r\nNăm XB	2021\r\nNgôn Ngữ	Tiếng Việt\r\nTrọng lượng (gr)	300.0000\r\nKích Thước Bao Bì	12 x 10 cm\r\nSố trang	280\r\nHình thức	Bìa Mềm\r\nSản phẩm bán chạy nhất	Top 100 sản phẩm Truyện ngắn - Tản Văn bán chạy của tháng\r\nCuộc đời ngày ngày nói yêu mình.\r\n\r\nXong cuộc đời lại đủ thứ phức tạp và bất công với mình.\r\nVậy là cuộc đời ghét mình rồi!\r\n\r\nThôi nào!\r\n\r\nThả lỏng và tận hưởng sự vui vẻ đi. Vì chẳng phải cuộc đời đang ghét bạn đâu, mà chính bạn bạn đang loay hoay với những mệt nhọc ở trên đời. Ví dụ như nay đã là deadline mà bỗng bị rớt mạng, sáng nay đi làm quên đem theo ví, hay đồng nghiệp ở công ty nói xấu mình,...\r\n\r\nNếu kể ra thì sẽ có ti tỉ thứ không theo ý mình mỗi ngày. Không nói đến những chuyện bực tức khác, những nỗi buồn chúng ta không làm chủ được, những điều vô tình đến khiến ta quạu cọ và xấu xí. Rồi khi chúng ta cứ để chúng trong lòng sự phiền muộn không biết kéo dài đến bao giờ mới kết thúc.\r\n\r\nCho nên, thay vì để tâm đến những chuyện khiến mình không vui, hãy lựa chọn vui vẻ, bạn sẽ thấy cuộc đời trở nên tuyệt vời hơn rất nhiều. Và để cân bằng những cảm xúc ấy “Vui vẻ không quạu nha” chính là một món quà để lan tỏa và nhân lên niềm vui, một cuốn sách mà ai cũng cần phải có để thêm yêu những điều nhỏ xíu đáng yêu xung quanh mình.\r\n\r\nVui vẻ không quạu nha - Cuốn sách không chỉ mặn mà đúng như tên gọi của nó mà còn bắt kịp các xu hướng được quan tâm từ fanpage nổi tiếng “Ở đây zui nè” sẽ giúp bạn có những tràng cười vui vẻ không ngớt, có cái nhìn khoan dung cởi mở hơn, nhìn nhận những xui xẻo vấp phải bỗng trở nên nhỏ bé dưới góc độ dí dỏm và hài hước.\r\n\r\nVui vẻ không quạu nha - xin được gửi đến những bạn trẻ đang dễ giận dữ, cau có ngoài thế giới kia, những ai đang buồn phiền về rắc rối nào đó, “trái tim” nhỏ bé này còn phải dành cho niềm vui, đừng để bực bội, dỗi hờn từ những điều không đáng chiếm hết chỗ.\r\n\r\nVà hãy hét to với Thế giới rằng “Mình là một người tràn đầy năng lượng,” luôn sẵn sàng để hạnh phúc hơn.', 69000.00, NULL, 21),(30, 'Cứ Bình Tĩnh!', 'https://firebasestorage.googleapis.com/v0/b/image-c757c.appspot.com/o/truyenngan%2Fcubinhtinh.jpg?alt=media&token=9e0fb965-5457-4a6f-9bda-64de6eda2347', 'Tuần hoàn cuộc sống, có yêu thì sẽ có ghét. Sẽ là bất khả thi nếu khuyên con người đừng ghét bỏ ai. Tôi cũng từng ghét người khác, vì tôi nghĩ rằng họ là tác nhân khiến tôi mất đi điều tôi yêu quý. Nhưng suy cho cùng, nếu thứ đó thật sự là của tôi, thì chẳng ai lấy đi được, chẳng ai tác động được. Chỉ có tôi, nếu cứ tiếp tục thù ghét họ thì chính tôi mới tự lấy đi bình yên của bản thân mình. Và tôi quyết định thôi nghĩ về họ. Người đánh vào đời ta một cái, ta xô lại người một cái, oan oan tương báo đến bao giờ mới dứt? Lẽ thường con người ta cứ thấy mình trong vòng xoáy lẩn quẩn là vì thế. Nếu không thể thương nhau, thì cũng đừng ghét, mà đã ghét thì hãy tránh xa chứ đừng nên tìm cách trả đũa nhau làm gì.\r\n\r\nThời vụng dại, hứa yêu nhau mãi mãi, yêu đến sông cạn núi mòn. Khi trưởng thành rồi mới hiểu trên đời này chẳng có điều gì là mãi mãi, kể cả tình yêu. Chỉ có kỷ niệm đẹp mới tồn tại vĩnh viễn trong ký ức của mỗi người, nên sống tốt với nhau được ngày nào quý ngày đó.\r\n\r\nHãy cố gắng đặt niềm tin vào đúng người, nếu có vô tình đặt sai thì hãy hiểu rằng niềm tin vào chính bản thân mình vẫn là nguyên vẹn, chỉ có lòng tin dành cho người không xứng đáng mới bị sứt mẻ đi.  Và ta phải có đủ bản lĩnh để vượt qua những cám dỗ trong cuộc đời, bản lĩnh để cùng nhau đi qua ngày sóng gió, bản lĩnh để vượt qua đớn đau khổ lụy trong tình yêu mà không đánh mất chính mình.\r\n\r\nMọi chuyện xảy ra trên đời này đều có nguyên nhân của nó, nếu cuộc đời ban cho ta quả đắng thì việc của ta chính là bình tĩnh đón nhận, bình tĩnh đối mặt và bình tĩnh bước qua.\r\n\r\n(CỨ BÌNH TĨNH! - Tuệ Nghi)\r\n\r\nĐôi nét tác giả\r\n\r\nTuệ Nghi\r\n\r\n- Tên thật: Phan Thanh Bảo Ngọc\r\n\r\n- Sinh năm: 1993\r\n\r\nLà một người làm kinh doanh, học ngành luật và yêu viết sách. Khởi nghiệp từ năm 15 tuổi, sáng lập công ty riêng ở tuổi 17 và nhận biểu tượng Top 10 ngôi sao kinh doanh Châu Á Thái Bình Dương ở tuổi 20. \r\n\r\nRa mắt tiểu thuyết “Luật Ngầm” ở tuổi 21 và ngay lập tức được tập đoàn Galaxy mua lại để chuyển thể thành phim chỉ sau 43 ngày phát hành - là một trong những tác giả trẻ tuổi nhất văn học hiện đại có tác phẩm được chuyển thể thành phim.\r\n\r\nTản văn \"Sẽ có cách, đừng lo\" được ra mắt ở tuổi 22, tái bản sau 3 ngày phát hành, đạt 50.000 bản sau 4 tháng ra mắt và lọp top 10 best seller hội sách lớn nhất toàn quốc năm 2016.\r\n\r\nTuệ Nghi hiện là Tổng giám đốc của một công ty chuyên về tư vấn, đầu tư, phát triển và vận hành các dự án bất động sản du lịch theo thương hiệu quốc tế. Đồng thời là đại diện phát triển thương hiệu của một số tập đoàn khách sạn 5 sao tại thị trường Đông Nam Á. \r\n\r\nMã hàng	8936117740169\r\nTên Nhà Cung Cấp	ZGROUP\r\nTác giả	Tuệ Nghi\r\nNXB	NXB Hà Nội\r\nNăm XB	2016\r\nTrọng lượng (gr)	250.0000\r\nKích Thước Bao Bì	12 x 19\r\nSố trang	192\r\nHình thức	Bìa Mềm\r\nSản phẩm hiển thị trong	\r\nZGROUP\r\nSản phẩm bán chạy nhất	Top 100 sản phẩm Truyện ngắn - Tản Văn bán chạy của tháng\r\nTuần hoàn cuộc sống, có yêu thì sẽ có ghét. Sẽ là bất khả thi nếu khuyên con người đừng ghét bỏ ai. Tôi cũng từng ghét người khác, vì tôi nghĩ rằng họ là tác nhân khiến tôi mất đi điều tôi yêu quý. Nhưng suy cho cùng, nếu thứ đó thật sự là của tôi, thì chẳng ai lấy đi được, chẳng ai tác động được. Chỉ có tôi, nếu cứ tiếp tục thù ghét họ thì chính tôi mới tự lấy đi bình yên của bản thân mình. Và tôi quyết định thôi nghĩ về họ. Người đánh vào đời ta một cái, ta xô lại người một cái, oan oan tương báo đến bao giờ mới dứt? Lẽ thường con người ta cứ thấy mình trong vòng xoáy lẩn quẩn là vì thế. Nếu không thể thương nhau, thì cũng đừng ghét, mà đã ghét thì hãy tránh xa chứ đừng nên tìm cách trả đũa nhau làm gì.\r\n\r\nThời vụng dại, hứa yêu nhau mãi mãi, yêu đến sông cạn núi mòn. Khi trưởng thành rồi mới hiểu trên đời này chẳng có điều gì là mãi mãi, kể cả tình yêu. Chỉ có kỷ niệm đẹp mới tồn tại vĩnh viễn trong ký ức của mỗi người, nên sống tốt với nhau được ngày nào quý ngày đó.\r\n\r\nHãy cố gắng đặt niềm tin vào đúng người, nếu có vô tình đặt sai thì hãy hiểu rằng niềm tin vào chính bản thân mình vẫn là nguyên vẹn, chỉ có lòng tin dành cho người không xứng đáng mới bị sứt mẻ đi.  Và ta phải có đủ bản lĩnh để vượt qua những cám dỗ trong cuộc đời, bản lĩnh để cùng nhau đi qua ngày sóng gió, bản lĩnh để vượt qua đớn đau khổ lụy trong tình yêu mà không đánh mất chính mình.\r\n\r\nMọi chuyện xảy ra trên đời này đều có nguyên nhân của nó, nếu cuộc đời ban cho ta quả đắng thì việc của ta chính là bình tĩnh đón nhận, bình tĩnh đối mặt và bình tĩnh bước qua.\r\n\r\n(CỨ BÌNH TĨNH! - Tuệ Nghi)\r\n\r\nĐôi nét tác giả\r\n\r\nTuệ Nghi\r\n\r\n- Tên thật: Phan Thanh Bảo Ngọc\r\n\r\n- Sinh năm: 1993\r\n\r\nLà một người làm kinh doanh, học ngành luật và yêu viết sách. Khởi nghiệp từ năm 15 tuổi, sáng lập công ty riêng ở tuổi 17 và nhận biểu tượng Top 10 ngôi sao kinh doanh Châu Á Thái Bình Dương ở tuổi 20. \r\n\r\nRa mắt tiểu thuyết “Luật Ngầm” ở tuổi 21 và ngay lập tức được tập đoàn Galaxy mua lại để chuyển thể thành phim chỉ sau 43 ngày phát hành - là một trong những tác giả trẻ tuổi nhất văn học hiện đại có tác phẩm được chuyển thể thành phim.\r\n\r\nTản văn \"Sẽ có cách, đừng lo\" được ra mắt ở tuổi 22, tái bản sau 3 ngày phát hành, đạt 50.000 bản sau 4 tháng ra mắt và lọp top 10 best seller hội sách lớn nhất toàn quốc năm 2016.\r\n\r\nTuệ Nghi hiện là Tổng giám đốc của một công ty chuyên về tư vấn, đầu tư, phát triển và vận hành các dự án bất động sản du lịch theo thương hiệu quốc tế. Đồng thời là đại diện phát triển thương hiệu của một số tập đoàn khách sạn 5 sao tại thị trường Đông Nam Á. ', 82000.00, NULL, 23),(31, 'Nếu Biết Trăm Năm Là Hữu Hạn - Bản Đặc Biệt Màu', 'https://firebasestorage.googleapis.com/v0/b/image-c757c.appspot.com/o/truyenngan%2Fneubiettramnamlahuuhan.jpg?alt=media&token=d9c05b02-5204-4d4e-81c1-7cf3f9d326ec', 'Ấn bản đặc biệt “Nếu Biết Trăm Năm Là Hữu Hạn”. Sách được in khổ lớn, in màu minh họa đẹp mắt.\r\n\r\n“Nếu biết trăm năm là hữu hạn, cớ gì ta không sống thật sâu…”\r\n\r\nCó đôi khi những bộn bề của cuộc sống cuốn ta đi như dòng nước hững hờ cuốn trôi chiếc lá. Cứ thế, ta vội vã làm, vội vã ăn, vội vã ngủ, vội vã yêu và vội vã… để sống! Chắc hẳn đã không ít lần mỗi chúng ta đều thốt lên “giá như…”\r\n\r\nNếu Biết Trăm Năm Là Hữu Hạn, đưa người đọc đến nhiều tầng của cung bậc cảm xúc, đến nhiều không gian tưởng chừng ta không thể quay về. Vừa hoài niệm, sâu sắc, vừa giản dị, chân thành, vừa quá khứ, hiện tại.\r\n\r\nNếu Biết Trăm Năm Là Hữu Hạn cứ thế cuốn ta đi một cách nhẹ nhàng và đầy sâu lắng… Với tập hợp 40 truyện ngắn, chắc hẳn đâu đó xung quanh những câu chuyện ấy, ta sẽ vô tình bắt gặp chính ta. Nếu Biết Trăm Năm Là Hữu Hạn là một quyển sách dành cho nhiều người.\r\n\r\n“Người ta gọi tuổi mới lớn là “tuổi biết buồn”. “Biết buồn” tức là chạm ngõ cuộc đời rồi đó. Biết buồn tức là bắt đầu nhận ra sự hiện hữu của những khoảng trống trong tâm hồn. Biết buồn là khi nhận ra rằng có những lúc mình cảm thấy cô độc. Khi đó, hãy dành cho sự cô độc một khoảng riêng, hãy đóng khung sự cô đơn trong giới hạn của nó, như một căn phòng trống trong ngôi nhà tâm hồn. Mỗi lần vào căn phòng ấy, dù tự nguyện hay bị xô đẩy, thì bạn vẫn có thể điềm tĩnh khám phá bản thân trong sự tĩnh lặng. để rồi sau đó, bạn bình thản bước ra, khép cánh cửa lại và trở về với cuộc sống bề bộn thường ngày, vốn lắm nỗi buồn nhưng cũng không bao giờ thiếu niềm vui...” (Trích “Những khoảng trống không phải để lấp đầy”)\r\n\r\nThông tin tác giả:\r\n\r\nPhạm Lữ Ân là bút danh chung của vợ chồng Phạm Công Luận và Đặng Nguyễn Đông Vy.\r\n\r\nChỉ xuất hiện vỏn vẹn trong hơn bốn mươi bài viết trên chuyên mục Cảm thức của Bán nguyệt san 2! (số Chuyên đề của báo Sinh Viên Việt Nam), Phạm Lữ Ân là một tác giả đã âm thầm tạo nên hiện tượng đặc biệt trong văn hoá đọc của giới trẻ Việt nam hiện nay. Các bài viết của Phạm Lữ Ân được đăng tải, trích dẫn rất nhiều lần trên các trang web, trên blog cá nhân, được đọc trên youtube, thành cảm hứng cho sáng tác ca khúc và cả kịch bản phim với những lời bình ưu ái.\r\n\r\nVới nhiều bạn trẻ, những bài viết này như đã thưc tỉnh trái tim và nhận thức của họ về cuộc đời, vốn chứa đựng nhiều cơ hội phát triển nhưng cũng đầy ắp lo toan. Bằng giọng văn dung dị, thân mật, giàu cảm xúc và có khi rất quyết liệt, tác giả dẫn dắt người đọc đi sâu vào những cảm nhận khác nhau về cuộc đời, về tình yêu trong góc nhìn tỉnh táo và không ngộ nhận (Hãy nói yêu thôi, đừng nói yêu mãi mãi), về tình bạn (Dư vị từ những tình bạn nhạt nhoà), về sự thành bại trong cuộc đời (Còn thời cưỡi ngựa bắn cung), về sự chờ đợi một cơ hội ngắn ngủi và cả một vận hội trong sự an nhiên và điềm tĩnh (Như chờ tình đến rồi hãy yêu)... Không ít người cho rằng mình đã tìm thấy điều gì đó lạ lẫm và tươi mát trong nhận thức từ những bài viết này. Một số thú nhận mình đã đọc đi đọc lại những bài viết của Phạm Lữ Ân và mỗi lần đọc đều tìm thấy một ý nghĩa mới mẻ tiềm ẩn trong đó.\r\n\r\nVới hiệu ứng của các bài viết, cái tên Phạm Lữ Ân luôn khiến bạn đọc tò mò. Và thật thú vị khi biết được bút danh này là sự kết hợp của hai nhà báo viết cho giới trẻ, cũng là một đôi vợ chồng. Nhờ sự kết hợp nhuần nhuyễn giữa cái nhìn trong trẻo, tinh tế và sắc sảo với sự từng trải, thương yêu và khoan dung, những bài Cảm thức này đã đưa ra được những kiến giải đầy thú vị và vô cùng sâu sắc về cuộc đời, không chỉ cho giới trẻ mà cho bất cứ ai trong chúng ta, ở bất kỳ lứa tuổi nào.\r\n\r\nMã hàng	8932000129684\r\nNhà Cung Cấp	Cty Bán Lẻ Phương Nam\r\nTác giả	Phạm Lữ Ân\r\nNXB	NXB Hội Nhà Văn\r\nNăm XB	2018\r\nTrọng lượng (gr)	500.0000\r\nKích Thước Bao Bì	15.5 x 23.5\r\nSố trang	188\r\nHình thức	Bìa Mềm\r\nSản phẩm bán chạy nhất	Top 100 sản phẩm Truyện ngắn - Tản Văn bán chạy của tháng\r\nẤn bản đặc biệt “Nếu Biết Trăm Năm Là Hữu Hạn”. Sách được in khổ lớn, in màu minh họa đẹp mắt.\r\n\r\n“Nếu biết trăm năm là hữu hạn, cớ gì ta không sống thật sâu…”\r\n\r\nCó đôi khi những bộn bề của cuộc sống cuốn ta đi như dòng nước hững hờ cuốn trôi chiếc lá. Cứ thế, ta vội vã làm, vội vã ăn, vội vã ngủ, vội vã yêu và vội vã… để sống! Chắc hẳn đã không ít lần mỗi chúng ta đều thốt lên “giá như…”\r\n\r\nNếu Biết Trăm Năm Là Hữu Hạn, đưa người đọc đến nhiều tầng của cung bậc cảm xúc, đến nhiều không gian tưởng chừng ta không thể quay về. Vừa hoài niệm, sâu sắc, vừa giản dị, chân thành, vừa quá khứ, hiện tại.\r\n\r\nNếu Biết Trăm Năm Là Hữu Hạn cứ thế cuốn ta đi một cách nhẹ nhàng và đầy sâu lắng… Với tập hợp 40 truyện ngắn, chắc hẳn đâu đó xung quanh những câu chuyện ấy, ta sẽ vô tình bắt gặp chính ta. Nếu Biết Trăm Năm Là Hữu Hạn là một quyển sách dành cho nhiều người.\r\n\r\n“Người ta gọi tuổi mới lớn là “tuổi biết buồn”. “Biết buồn” tức là chạm ngõ cuộc đời rồi đó. Biết buồn tức là bắt đầu nhận ra sự hiện hữu của những khoảng trống trong tâm hồn. Biết buồn là khi nhận ra rằng có những lúc mình cảm thấy cô độc. Khi đó, hãy dành cho sự cô độc một khoảng riêng, hãy đóng khung sự cô đơn trong giới hạn của nó, như một căn phòng trống trong ngôi nhà tâm hồn. Mỗi lần vào căn phòng ấy, dù tự nguyện hay bị xô đẩy, thì bạn vẫn có thể điềm tĩnh khám phá bản thân trong sự tĩnh lặng. để rồi sau đó, bạn bình thản bước ra, khép cánh cửa lại và trở về với cuộc sống bề bộn thường ngày, vốn lắm nỗi buồn nhưng cũng không bao giờ thiếu niềm vui...” (Trích “Những khoảng trống không phải để lấp đầy”)', 189000.00, NULL, 24),(32, 'Út Quyên Và Tôi (Tái Bản 2019)', 'https://firebasestorage.googleapis.com/v0/b/image-c757c.appspot.com/o/truyenngan%2Futquyenvatoi.jpg?alt=media&token=1f8c2d55-7591-4723-ab49-c6b63d064361', 'Tập truyện ngắn với 12 câu chuyện là 12 niềm vui, 12 kỉ niệm dễ thương, 12 bài học giản dị mà sâu sắc… Gặp trong tập truyện này những hình ảnh rất dễ thương, những lời thoại rất học trò…', 45000.00, NULL, 5),(33, 'Đừng Nhạt Nữa', 'https://firebasestorage.googleapis.com/v0/b/image-c757c.appspot.com/o/truyenngan%2Fdungnhatnua.jpg?alt=media&token=0df80406-fc6c-4d07-888a-5069b1c56b9a', 'Được biết đến là fanpage gây cười quốc dân với gần 1,800,000 lượt thích, Ngoa đã mang tới tiếng cười không ngớt và cái nhìn không hề giả trân về cuộc đời cho giới trẻ.\r\n\r\nĐược yêu mến từ đầu năm 2016, cho tới bây giờ, Ngoa cùng phong cách độc đáo thẳng-thật-không biết sợ vẫn là nơi thu hút sự quan tâm lớn từ cộng đồng mạng.\r\n\r\nGiới thiệu nội dung sách:\r\n\r\nThanh xuân không ai nhắc bạn rằng:\r\n\r\nKhông ai muốn nghe bạn ba hoa về thu nhập ngoài nhân viên bán bảo hiểm.\r\n\r\nKhông ai chướng mắt với ảnh check-in du lịch của bạn hơn ông sếp ngồi nhà.\r\n\r\nThanh xuân không ai nhắc bạn những thứ bạn nên làm, không ai nhắc bạn những thứ bạn nên tin, không ai nhắc bạn chuyện quan trọng nhất để không lãng phí tuổi trẻ là đừng sống nhạt nhoà.\r\n\r\nHãy sống mặn mà và tận hưởng sự vui vẻ đi!\r\n\r\nSống thật vui vẻ với một ngày trời mưa tầm tã.\r\n\r\nSống thật vui vẻ với người họ hàng giả trân.\r\n\r\nSống thật vui vẻ với người bạn nợ nần dai như đỉa.\r\n\r\nSống thật vui vẻ với deadline dí đầu cùng người sếp khó tính…\r\n\r\n“Đừng nhạt nữa” - Cuốn sách với sự nhúng tay từ NGOA, tác giả của định nghĩa “Tuesday” (người thứ ba) gây bão cộng đồng mạng, sẽ mang đến cho bạn những tiếng cười không ngớt cũng như nguồn năng lượng tích cực giúp bạn đối mặt với độ phũ của cuộc đời.\r\n\r\nBởi vì canh nhạt thì thêm muối.\r\n\r\nĐời nhạt quá thì đọc sách của NGOA.\r\n\r\nMã hàng	9786045587959\r\nNhà Cung Cấp	Công Ty Cổ Phần Time Books\r\nTác giả	Ngoa\r\nNXB	NXB Hà Nội\r\nNăm XB	2021\r\nTrọng lượng (gr)	300.0000\r\nKích Thước Bao Bì	15 x 15 cm\r\nSố trang	264\r\nHình thức	Bìa Mềm\r\nSản phẩm bán chạy nhất	Top 100 sản phẩm Truyện ngắn - Tản Văn bán chạy của tháng\r\nĐược biết đến là fanpage gây cười quốc dân với gần 1,800,000 lượt thích, Ngoa đã mang tới tiếng cười không ngớt và cái nhìn không hề giả trân về cuộc đời cho giới trẻ.\r\n\r\nĐược yêu mến từ đầu năm 2016, cho tới bây giờ, Ngoa cùng phong cách độc đáo thẳng-thật-không biết sợ vẫn là nơi thu hút sự quan tâm lớn từ cộng đồng mạng.\r\n\r\nGiới thiệu nội dung sách:\r\n\r\nThanh xuân không ai nhắc bạn rằng:\r\n\r\nKhông ai muốn nghe bạn ba hoa về thu nhập ngoài nhân viên bán bảo hiểm.\r\n\r\nKhông ai chướng mắt với ảnh check-in du lịch của bạn hơn ông sếp ngồi nhà.\r\n\r\nThanh xuân không ai nhắc bạn những thứ bạn nên làm, không ai nhắc bạn những thứ bạn nên tin, không ai nhắc bạn chuyện quan trọng nhất để không lãng phí tuổi trẻ là đừng sống nhạt nhoà.\r\n\r\nHãy sống mặn mà và tận hưởng sự vui vẻ đi!\r\n\r\nSống thật vui vẻ với một ngày trời mưa tầm tã.\r\n\r\nSống thật vui vẻ với người họ hàng giả trân.\r\n\r\nSống thật vui vẻ với người bạn nợ nần dai như đỉa.\r\n\r\nSống thật vui vẻ với deadline dí đầu cùng người sếp khó tính…\r\n\r\n“Đừng nhạt nữa” - Cuốn sách với sự nhúng tay từ NGOA, tác giả của định nghĩa “Tuesday” (người thứ ba) gây bão cộng đồng mạng, sẽ mang đến cho bạn những tiếng cười không ngớt cũng như nguồn năng lượng tích cực giúp bạn đối mặt với độ phũ của cuộc đời.\r\n\r\nBởi vì canh nhạt thì thêm muối.\r\n\r\nĐời nhạt quá thì đọc sách của NGOA.', 96000.00, NULL, 25),(34, 'Có Một Người Từng Là Tất Cả', 'https://firebasestorage.googleapis.com/v0/b/image-c757c.appspot.com/o/truyenngan%2Fcomotnguoitunglatatca.jpg?alt=media&token=07d4aad0-4cac-42d3-b781-d01fb0f3bb72', 'Có Một Người Từng Là Tất Cả\r\n\r\nNăm cũ sắp qua đi, năm mới lại sắp đến, khoảng thời gian, hẳn trong lòng mỗi chúng ta sẽ có rất nhiều những điều ngổn ngang và hối tiếc. Và có lẽ, hối tiếc nhất là khi chúng ta cảm nhận thời gian trôi qua thật nhanh nhưng bản thân đã bỏ lỡ quá nhiều điều trong quá khứ. Bỏ lỡ nhất vẫn là một người nào đó từng đến, từng yêu thương, từng thề hẹn, từng là một phần máu thịt, từng là một phần thói quen của cuộc đời mình. Để rồi mình xem người ta là-tất-cả nhưng họ lại xem mình không-là-gì-cả.\r\n\r\nCuốn sách “CÓ MỘT NGƯỜI TỪNG LÀ TẤT CẢ” đã được Trí ấp ủ trong một khoảng thời gian rất dài. Trong quyển sách lần này chất chứa rất nhiều tâm tư tình cảm mà tin chắc rằng khi bạn mở ra bất kỳ trang sách nào, bạn cũng sẽ thấy mình đâu đó. Đâu đó của những ngày trẻ dại. Đâu đó của những lần yêu đau. Đâu có của những điều hối tiếc. Đâu đó của sự vỗ về trái tim bé nhỏ để giúp bạn có thêm niềm tin bước tiếp.\r\n\r\nBạn biết không, điều đẹp nhất trên cuộc đời này là được yêu, được dốc hết vốn liếng yêu đương cho một người, và được đau cho chính tình yêu ấy. Phải đau thì biết mình yêu một người đến nhường nào. Nếu tình yêu không đi qua trắc trở thì sẽ không bao giờ đong đếm được cảm xúc. Và CÓ MỘT NGƯỜI TỪNG LÀ TẤT CẢ sẽ dẫn lối bạn vào những năm tháng như thế. Bởi trong đời mỗi chúng ta, ít nhất cũng đã từng yêu vài người. Nhưng trong số vài người ấy, duy chỉ có một người yêu đậm sâu nhất. Đó có thể là tình đầu hoặc những mối tình sau tình đầu. Đó cũng có thể là một người chúng ta sẽ cùng họ đi đến cuối đất cùng trời trên con đường nhân gian. Nhưng cũng có thể chỉ là một người nắm tay nhau đi một đoạn đời chóng vánh mà thôi. Hay duyên phận bạc đến nỗi chỉ là những người dưng lướt qua đời nhau. Nhưng là ai, là gì, dài lâu hay ngắn ngủi giờ đã không-còn-quan-trọng nữa rồi. Quan trọng là chúng ta đã từng khờ dại cho họ một đặc quyền trong lòng mình, để mình xem họ là tất cả, là hơi thở trong lồng ngực, là tế bào trên từng thớ thịt. Một ngày họ quay đi, mình chợt nhận ra rằng mình quá ngốc nghếch vì đã để “Có-một-người-từng-là-tất-cả!”.\r\n\r\n \r\n\r\n“Vào một ngày đẹp trời chúng ta đã nói lời tạm biệt. Không ai trách ai, không ai hờn dỗi. Chúng ta uống cạn vài chai rồi mỉm cười tiễn nhau thêm một đoạn về nhà. Hoá ra, cảm giác chia tay không hề đáng sợ! Vì chúng ta đã hiểu mình bắt đầu rất êm đẹp nên kết thúc cũng phải êm đềm.”\r\n\r\n \r\n\r\n“Năm ấy, rõ ràng là thích nhau, rõ ràng là chỉ cần tiến thêm một bước nữa là có thể có được một cuộc tình khắc cốt ghi tâm. Vậy mà, mỗi đứa lại chọn cách dừng lại vì nghĩ rằng đối phương chưa thực sự thương mình. Từ bỏ của tuổi trẻ, vĩnh viễn là hối tiếc sau này!”\r\n\r\n \r\n\r\n“Hồi đó tụi mình hay nói, lễ thất tịch sẽ ăn chè đậu đỏ. Anh một bát. Em một bát. Mãi mãi không rời. Vĩnh viễn không xa. Sau này nghĩ lại hoá ra buồn cười. Dẫu có ăn mười bát chè đậu đỏ đi nữa, mà lòng người đổi thay hay không có duyên nợ, cũng có bên nhau được đâu. Sau này mới biết bát chè đậu đỏ năm xưa mãi là một câu chuyện nói dối.”\r\n\r\n \r\n\r\n“có một người từng là tất cả\r\n\r\nnhưng bây giờ đã trở thành người lạ\r\n\r\nanh với người ta, còn em... thì cách xa.\r\n\r\n \r\n\r\nchuyện chúng mình vừa mới hôm qua\r\n\r\nbỗng hôm nay hai người hai lối rẽ\r\n\r\nchả nhẽ yêu như trò chơi cút bắt\r\n\r\nanh thắng em rồi,\r\n\r\nem đau thắt ruột gan.”\r\n\r\n \r\n\r\nĐây sẽ là một quyển nhật ký nhỏ, mỗi ngày bạn háo hức mở ra từng trang một, đọc từng con chữ và cảm nhận thật rõ những đoạn phim cuộc đời đang tua lại trong tâm trí.  Mong rằng CÓ MỘT NGƯỜI TỪNG LÀ TẤT CẢ sẽ giúp bạn đi qua Mùa Đông năm nay thật an yên!\r\n\r\nMã hàng	8936186548147\r\nTên Nhà Cung Cấp	AZ Việt Nam\r\nTác giả	Trí\r\nNXB	NXB Văn Học\r\nNăm XB	2020\r\nNgôn Ngữ	Tiếng Việt\r\nTrọng lượng (gr)	250.0000\r\nSố trang	232\r\nHình thức	Bìa Mềm\r\nSản phẩm bán chạy nhất	Top 100 sản phẩm Truyện ngắn - Tản Văn bán chạy của tháng\r\nCó Một Người Từng Là Tất Cả\r\n\r\nNăm cũ sắp qua đi, năm mới lại sắp đến, khoảng thời gian, hẳn trong lòng mỗi chúng ta sẽ có rất nhiều những điều ngổn ngang và hối tiếc. Và có lẽ, hối tiếc nhất là khi chúng ta cảm nhận thời gian trôi qua thật nhanh nhưng bản thân đã bỏ lỡ quá nhiều điều trong quá khứ. Bỏ lỡ nhất vẫn là một người nào đó từng đến, từng yêu thương, từng thề hẹn, từng là một phần máu thịt, từng là một phần thói quen của cuộc đời mình. Để rồi mình xem người ta là-tất-cả nhưng họ lại xem mình không-là-gì-cả.\r\n\r\nCuốn sách “CÓ MỘT NGƯỜI TỪNG LÀ TẤT CẢ” đã được Trí ấp ủ trong một khoảng thời gian rất dài. Trong quyển sách lần này chất chứa rất nhiều tâm tư tình cảm mà tin chắc rằng khi bạn mở ra bất kỳ trang sách nào, bạn cũng sẽ thấy mình đâu đó. Đâu đó của những ngày trẻ dại. Đâu đó của những lần yêu đau. Đâu có của những điều hối tiếc. Đâu đó của sự vỗ về trái tim bé nhỏ để giúp bạn có thêm niềm tin bước tiếp.\r\n\r\nBạn biết không, điều đẹp nhất trên cuộc đời này là được yêu, được dốc hết vốn liếng yêu đương cho một người, và được đau cho chính tình yêu ấy. Phải đau thì biết mình yêu một người đến nhường nào. Nếu tình yêu không đi qua trắc trở thì sẽ không bao giờ đong đếm được cảm xúc. Và CÓ MỘT NGƯỜI TỪNG LÀ TẤT CẢ sẽ dẫn lối bạn vào những năm tháng như thế. Bởi trong đời mỗi chúng ta, ít nhất cũng đã từng yêu vài người. Nhưng trong số vài người ấy, duy chỉ có một người yêu đậm sâu nhất. Đó có thể là tình đầu hoặc những mối tình sau tình đầu. Đó cũng có thể là một người chúng ta sẽ cùng họ đi đến cuối đất cùng trời trên con đường nhân gian. Nhưng cũng có thể chỉ là một người nắm tay nhau đi một đoạn đời chóng vánh mà thôi. Hay duyên phận bạc đến nỗi chỉ là những người dưng lướt qua đời nhau. Nhưng là ai, là gì, dài lâu hay ngắn ngủi giờ đã không-còn-quan-trọng nữa rồi. Quan trọng là chúng ta đã từng khờ dại cho họ một đặc quyền trong lòng mình, để mình xem họ là tất cả, là hơi thở trong lồng ngực, là tế bào trên từng thớ thịt. Một ngày họ quay đi, mình chợt nhận ra rằng mình quá ngốc nghếch vì đã để “Có-một-người-từng-là-tất-cả!”.\r\n\r\n \r\n\r\n“Vào một ngày đẹp trời chúng ta đã nói lời tạm biệt. Không ai trách ai, không ai hờn dỗi. Chúng ta uống cạn vài chai rồi mỉm cười tiễn nhau thêm một đoạn về nhà. Hoá ra, cảm giác chia tay không hề đáng sợ! Vì chúng ta đã hiểu mình bắt đầu rất êm đẹp nên kết thúc cũng phải êm đềm.”\r\n\r\n \r\n\r\n“Năm ấy, rõ ràng là thích nhau, rõ ràng là chỉ cần tiến thêm một bước nữa là có thể có được một cuộc tình khắc cốt ghi tâm. Vậy mà, mỗi đứa lại chọn cách dừng lại vì nghĩ rằng đối phương chưa thực sự thương mình. Từ bỏ của tuổi trẻ, vĩnh viễn là hối tiếc sau này!”\r\n\r\n \r\n\r\n“Hồi đó tụi mình hay nói, lễ thất tịch sẽ ăn chè đậu đỏ. Anh một bát. Em một bát. Mãi mãi không rời. Vĩnh viễn không xa. Sau này nghĩ lại hoá ra buồn cười. Dẫu có ăn mười bát chè đậu đỏ đi nữa, mà lòng người đổi thay hay không có duyên nợ, cũng có bên nhau được đâu. Sau này mới biết bát chè đậu đỏ năm xưa mãi là một câu chuyện nói dối.”\r\n\r\n \r\n\r\n“có một người từng là tất cả\r\n\r\nnhưng bây giờ đã trở thành người lạ\r\n\r\nanh với người ta, còn em... thì cách xa.\r\n\r\n \r\n\r\nchuyện chúng mình vừa mới hôm qua\r\n\r\nbỗng hôm nay hai người hai lối rẽ\r\n\r\nchả nhẽ yêu như trò chơi cút bắt\r\n\r\nanh thắng em rồi,\r\n\r\nem đau thắt ruột gan.”\r\n\r\n \r\n\r\nĐây sẽ là một quyển nhật ký nhỏ, mỗi ngày bạn háo hức mở ra từng trang một, đọc từng con chữ và cảm nhận thật rõ những đoạn phim cuộc đời đang tua lại trong tâm trí.  Mong rằng CÓ MỘT NGƯỜI TỪNG LÀ TẤT CẢ sẽ giúp bạn đi qua Mùa Đông năm nay thật an yên!', 96000.00, NULL, 26),(35, 'Điều Đẹp Nhất Có Khi Là Buông Tay', 'https://firebasestorage.googleapis.com/v0/b/image-c757c.appspot.com/o/truyenngan%2Fdieu-dep-nhat-co-le-la-buong-tay.jpg?alt=media&token=a8ca50a0-33bc-4809-b855-ed3e046a5c08', 'Điều Đẹp Nhất Có Khi Là Buông Tay\r\n\r\n“Những điều được định sẵn là dành cho bạn sẽ đến với bạn, ngay cả khi nó bị chôn vùi dưới hai ngọn núi. Những điều không được định sẵn là dành cho bạn sẽ không đến với bạn, cho dù nó nằm ngay giữa hai đầu môi bạn.”\r\n\r\nThought Catalog là một nhóm tác giả nổi tiếng tại Mỹ, với những câu chuyện giúp bạn đi sâu hơn vào phần yếu mềm bên trong trái tim của mình, ôm ấp nỗi cô đơn và khiến bạn mạnh mẽ rời bỏ những điều, những người làm bạn đau.\r\n\r\n“Điều đẹp nhất có khi là buông tay” như một cái chạm, để bạn thốt lên lời tạm biệt đúng lúc...\r\n\r\nLời tạm biệt cần được thốt ra khi bạn đang cảm thấy cô độc trong mối quan hệ của chính mình.\r\n\r\nNgười ấy đã thôi làm bạn mỉm cười, mà thay vào đó là những “nỗi buồn” thường trực lăn dài từ khoé mắt.\r\n\r\nThay cho những nụ hôn giờ chỉ còn là dáng vẻ dửng dưng như chưa từng tồn tại những thương yêu…\r\n\r\nLời tạm biệt cần được thốt ra, khi chúng ta đã không còn muốn nói mình yêu nhau thế nào vào mỗi sáng hay khi màn đêm khép lại.\r\n\r\nVà lời tạm biệt, đôi khi là sự can đảm để có thể buông tay...\r\n\r\nBuông bỏ thật sự rất khó, đặc biệt là với người mình từng coi là tất cả đẹp đẽ của cuộc đời. Nhưng đến một lúc nào đấy, bạn sẽ nhận ra rằng bạn đã làm quá nhiều cho ai đó, đến nỗi điều duy nhất bạn có thể làm tiếp là dừng lại. Để họ yên. Rời đi.\r\n\r\nMột vài người tin rằng cố gắng níu giữ và kiên nhẫn đợi chờ là dấu hiệu của sức mạnh lớn lao. Tuy nhiên, có những lúc, ta cần nhiều sức mạnh hơn thế để biết được rằng khi nào nên buông tay. Bởi điều gì thực sự là của bạn cuối cùng sẽ là của bạn, còn điều gì không là của bạn thì dù bạn có cố gắng đến đâu vẫn sẽ không bao giờ thuộc về bạn.\r\n\r\nTrong tình yêu, chúng ta không thể ép buộc ai đó yêu hay đối xử với mình theo một cách nhất định, luôn trung thực, chung thủy, tốt bụng và sẵn sàng giúp đỡ. Nhưng ta có thể yêu bản thân mình đủ nhiều để nhận thức được rằng khi nào thì bị đối xử sai trái và xứng đáng nhận được những điều tốt đẹp hơn. Vì vậy, nếu một ai đó rời bỏ bạn, hãy để họ đi…\r\n\r\nMột số người được định sẵn là phải xuất hiện trong cuộc đời bạn, có người đến rồi rời đi, có người đến, ở lại một hồi lâu rồi cũng rời đi. Nhưng cũng có người đến và cùng bạn đi đến cuối chặng đường. Đó hẳn sẽ là người khiến bạn nhận ra tại sao chuyện đã không thành với bất kỳ ai khác.\r\n\r\nĐể một ngày không xa, khi gặp lại người cũ, chúng ta có thể dũng cảm mà nói rằng “Em rất biết ơn vì chuyện của chúng ta đã không thành. Chuyện của em thì đang rất tuyệt vời…”\r\n\r\nVậy nên, hiện tại điều đẹp nhất có khi là buông tay.\r\n\r\nMã hàng	9786043391060\r\nTên Nhà Cung Cấp	Skybooks\r\nTác giả	Thought Catalog\r\nNgười Dịch	Phương Hoa\r\nNXB	NXB Hà Nội\r\nNăm XB	2021\r\nNgôn Ngữ	Tiếng Việt\r\nTrọng lượng (gr)	200.0000\r\nKích Thước Bao Bì	18 x 11 cm\r\nSố trang	160\r\nHình thức	Bìa Mềm\r\nSản phẩm hiển thị trong	\r\nSkybooks\r\nSản phẩm bán chạy nhất	Top 100 sản phẩm Truyện ngắn - Tản Văn bán chạy của tháng\r\nĐiều Đẹp Nhất Có Khi Là Buông Tay\r\n\r\n“Những điều được định sẵn là dành cho bạn sẽ đến với bạn, ngay cả khi nó bị chôn vùi dưới hai ngọn núi. Những điều không được định sẵn là dành cho bạn sẽ không đến với bạn, cho dù nó nằm ngay giữa hai đầu môi bạn.”\r\n\r\nThought Catalog là một nhóm tác giả nổi tiếng tại Mỹ, với những câu chuyện giúp bạn đi sâu hơn vào phần yếu mềm bên trong trái tim của mình, ôm ấp nỗi cô đơn và khiến bạn mạnh mẽ rời bỏ những điều, những người làm bạn đau.\r\n\r\n“Điều đẹp nhất có khi là buông tay” như một cái chạm, để bạn thốt lên lời tạm biệt đúng lúc...\r\n\r\nLời tạm biệt cần được thốt ra khi bạn đang cảm thấy cô độc trong mối quan hệ của chính mình.\r\n\r\nNgười ấy đã thôi làm bạn mỉm cười, mà thay vào đó là những “nỗi buồn” thường trực lăn dài từ khoé mắt.\r\n\r\nThay cho những nụ hôn giờ chỉ còn là dáng vẻ dửng dưng như chưa từng tồn tại những thương yêu…\r\n\r\nLời tạm biệt cần được thốt ra, khi chúng ta đã không còn muốn nói mình yêu nhau thế nào vào mỗi sáng hay khi màn đêm khép lại.\r\n\r\nVà lời tạm biệt, đôi khi là sự can đảm để có thể buông tay...\r\n\r\nBuông bỏ thật sự rất khó, đặc biệt là với người mình từng coi là tất cả đẹp đẽ của cuộc đời. Nhưng đến một lúc nào đấy, bạn sẽ nhận ra rằng bạn đã làm quá nhiều cho ai đó, đến nỗi điều duy nhất bạn có thể làm tiếp là dừng lại. Để họ yên. Rời đi.\r\n\r\nMột vài người tin rằng cố gắng níu giữ và kiên nhẫn đợi chờ là dấu hiệu của sức mạnh lớn lao. Tuy nhiên, có những lúc, ta cần nhiều sức mạnh hơn thế để biết được rằng khi nào nên buông tay. Bởi điều gì thực sự là của bạn cuối cùng sẽ là của bạn, còn điều gì không là của bạn thì dù bạn có cố gắng đến đâu vẫn sẽ không bao giờ thuộc về bạn.\r\n\r\nTrong tình yêu, chúng ta không thể ép buộc ai đó yêu hay đối xử với mình theo một cách nhất định, luôn trung thực, chung thủy, tốt bụng và sẵn sàng giúp đỡ. Nhưng ta có thể yêu bản thân mình đủ nhiều để nhận thức được rằng khi nào thì bị đối xử sai trái và xứng đáng nhận được những điều tốt đẹp hơn. Vì vậy, nếu một ai đó rời bỏ bạn, hãy để họ đi…\r\n\r\nMột số người được định sẵn là phải xuất hiện trong cuộc đời bạn, có người đến rồi rời đi, có người đến, ở lại một hồi lâu rồi cũng rời đi. Nhưng cũng có người đến và cùng bạn đi đến cuối chặng đường. Đó hẳn sẽ là người khiến bạn nhận ra tại sao chuyện đã không thành với bất kỳ ai khác.\r\n\r\nĐể một ngày không xa, khi gặp lại người cũ, chúng ta có thể dũng cảm mà nói rằng “Em rất biết ơn vì chuyện của chúng ta đã không thành. Chuyện của em thì đang rất tuyệt vời…”\r\n\r\nVậy nên, hiện tại điều đẹp nhất có khi là buông tay.', 72000.00, NULL, 27),(36, '999 Lá Thư Gửi Cho Chính Mình - Mong Bạn Trở Thành Phiên Bản Hạnh Phúc Nhất (Tập 2) - Tái Bản 2020', 'https://firebasestorage.googleapis.com/v0/b/image-c757c.appspot.com/o/truyenngan%2F999lathuchochinhminh.jpg?alt=media&token=da51786b-3d88-4b75-a5fa-807f4ef70c69', '“999 lá thư gửi cho chính mình” là một tác phẩm đặc biệt đầy cảm hứng đến từ tác giả văn học mạng nổi tiếng Miêu Công Tử, mang một màu sắc riêng biệt qua những lời thư nhỏ nhắn nhủ đến người đọc về giá trị cuộc sống, tình yêu, tuổi trẻ, tương lai… v.v..\r\n\r\nTiếp nối phần 1 giúp bạn trở nên hoàn hảo, cuốn sách phần 2: “999 lá thư gửi cho chính mình” – Mong bạn trở thành phiên bản hạnh phúc nhất, giúp bạn mỗi ngày như một hoa hướng dương hướng về phía mặt trời, hấp thụ trọn vẹn năng lượng tích cực, vui vẻ mỉm cười, mọi đau buồn sẽ bốc hơi tan biến.', 99000.00, NULL, 11),(37, 'Phụ Nữ Hiểu Biết Sẽ Có Cuộc Sống Đẳng Cấp Hơn', 'https://firebasestorage.googleapis.com/v0/b/image-c757c.appspot.com/o/truyenngan%2Fphunuhieubietsecocuocsongdangcaphon.jpg?alt=media&token=33378be9-214c-4492-afb4-e8677f1b71b7', 'Phụ Nữ Hiểu Biết Sẽ Có Cuộc Sống Đẳng Cấp Hơn\r\n\r\nThế giới này có một kiểu phụ nữ sống vô tư thoải mái, rất khó để nhìn thấy dáng vẻ chau mày nhăn nhó của họ, cũng chưa bao giờ nghe thấy họ than thân trách phận. Vì họ biết nội tâm mình khao khát điều gì nhất nên họ biết cách lựa chọn, không dây dưa lằng nhằng, không tiếc nuối, càng không bao giờ phải lo lắng về cái gọi là bỏ lỡ.\r\n\r\nTôi vẫn luôn cho rằng, phụ nữ thời nay coi trọng đàn ông, tình yêu và hôn nhân, đến mức không ngừng bám víu vào thái độ của đàn ông đối với mình. Người đàn ông như vậy rốt cuộc có đáng để lấy làm chồng không. Nói thực lòng, nếu bạn dồn hết những tâm tư đã đặt vào đàn ông để trau dồi cho bản thân, thì bạn đã trở thành nữ thần lâu rồi.\r\n\r\nCuộc đời của một người phụ nữ sẽ phải đối mặt với nhiều chọn lựa hơn đàn ông, trách nhiệm càng nặng nề thì suy nghĩ cũng sẽ càng nhiều, nhưng điều thực sự khiến phụ nữ ngày một héo mòn vốn không phải sự khó xử khi đưa ra những quyết định, mà là khi họ không biết bản thân muốn gì. Không tự tin về cuộc sống mà bản thân mong muốn, không đủ bản lĩnh chính là gánh nặng lớn nhất của người phụ nữ.\r\n\r\nHãy cứ ngẫm nghĩ mà xem, có biết bao người phụ nữ phải sống một cuộc đời khuôn mẫu rồi? Nếu nói những phiên bản cũ đã được cài đặt sẵn từ trước khi chúng ta ra đời, vậy thì cũng giống như trong trò chơi điện tử, chúng ta có thể chơi lại một ván mới bất cứ lúc nào. Nhiều lúc, chúng ta không thể buông bỏ tất cả những gì bản thân đã tích lũy được trong quá khứ là bởi chúng ta luôn tin rằng, giàu sang quyền quý mới có thể nuôi sống một cuộc đời lý tưởng.\r\n\r\nChỉ khi chúng ta tin rằng bản thân có đủ năng lực để giương buồm ra khơi bất cứ lúc nào, chúng ta mới có thể buông bỏ những thành công và thất bại trong quá khứ. Một người phụ nữ hiểu biết, chính là người đủ tự tin để phá vỡ những khuôn mẫu đó, dành lại cho mình một cuộc sống đẳng cấp hơn.\r\n\r\nPhụ nữ hiểu biết sẽ có cuộc sống đẳng cấp hơn – Hãy tự nâng cấp bản thân một cách toàn diện, bởi một người phụ nữ có sức quyến rũ không chỉ nhờ một gương mặt đẹp, mà còn nhờ sự hiểu biết của bản thân.\r\n\r\nMã hàng	8936186549366\r\nTên Nhà Cung Cấp	AZ Việt Nam\r\nTác giả	Jenny Kiều\r\nNgười Dịch	Tiểu Triệu\r\nNXB	NXB Văn Học\r\nNăm XB	2021\r\nNgôn Ngữ	Tiếng Việt\r\nTrọng lượng (gr)	400.0000\r\nKích Thước Bao Bì	20.5 x 14.5 x 0.5 cm\r\nSố trang	368\r\nHình thức	Bìa Mềm\r\nSản phẩm bán chạy nhất	Top 100 sản phẩm Truyện ngắn - Tản Văn bán chạy của tháng\r\nPhụ Nữ Hiểu Biết Sẽ Có Cuộc Sống Đẳng Cấp Hơn\r\n\r\nThế giới này có một kiểu phụ nữ sống vô tư thoải mái, rất khó để nhìn thấy dáng vẻ chau mày nhăn nhó của họ, cũng chưa bao giờ nghe thấy họ than thân trách phận. Vì họ biết nội tâm mình khao khát điều gì nhất nên họ biết cách lựa chọn, không dây dưa lằng nhằng, không tiếc nuối, càng không bao giờ phải lo lắng về cái gọi là bỏ lỡ.\r\n\r\nTôi vẫn luôn cho rằng, phụ nữ thời nay coi trọng đàn ông, tình yêu và hôn nhân, đến mức không ngừng bám víu vào thái độ của đàn ông đối với mình. Người đàn ông như vậy rốt cuộc có đáng để lấy làm chồng không. Nói thực lòng, nếu bạn dồn hết những tâm tư đã đặt vào đàn ông để trau dồi cho bản thân, thì bạn đã trở thành nữ thần lâu rồi.\r\n\r\nCuộc đời của một người phụ nữ sẽ phải đối mặt với nhiều chọn lựa hơn đàn ông, trách nhiệm càng nặng nề thì suy nghĩ cũng sẽ càng nhiều, nhưng điều thực sự khiến phụ nữ ngày một héo mòn vốn không phải sự khó xử khi đưa ra những quyết định, mà là khi họ không biết bản thân muốn gì. Không tự tin về cuộc sống mà bản thân mong muốn, không đủ bản lĩnh chính là gánh nặng lớn nhất của người phụ nữ.\r\n\r\nHãy cứ ngẫm nghĩ mà xem, có biết bao người phụ nữ phải sống một cuộc đời khuôn mẫu rồi? Nếu nói những phiên bản cũ đã được cài đặt sẵn từ trước khi chúng ta ra đời, vậy thì cũng giống như trong trò chơi điện tử, chúng ta có thể chơi lại một ván mới bất cứ lúc nào. Nhiều lúc, chúng ta không thể buông bỏ tất cả những gì bản thân đã tích lũy được trong quá khứ là bởi chúng ta luôn tin rằng, giàu sang quyền quý mới có thể nuôi sống một cuộc đời lý tưởng.\r\n\r\nChỉ khi chúng ta tin rằng bản thân có đủ năng lực để giương buồm ra khơi bất cứ lúc nào, chúng ta mới có thể buông bỏ những thành công và thất bại trong quá khứ. Một người phụ nữ hiểu biết, chính là người đủ tự tin để phá vỡ những khuôn mẫu đó, dành lại cho mình một cuộc sống đẳng cấp hơn.\r\n\r\nPhụ nữ hiểu biết sẽ có cuộc sống đẳng cấp hơn – Hãy tự nâng cấp bản thân một cách toàn diện, bởi một người phụ nữ có sức quyến rũ không chỉ nhờ một gương mặt đẹp, mà còn nhờ sự hiểu biết của bản thân.', 119000.00, NULL, 28),(38, 'Đoạn Tuyệt (2017)', 'https://firebasestorage.googleapis.com/v0/b/image-c757c.appspot.com/o/truyenngan%2Fdoantuyet.jpg?alt=media&token=56bc1760-4482-4564-aacb-38a3a55ca68c', 'Đoạn Tuyệt 2017\r\n\r\nTrên Phong Hóa, số 124, ngày 16/11/1934, Đoạn Tuyệt của Nhất Linh xuất hiện, chấm dứt kiểu khuyên răn đạo đức nhẹ nhàng và trình diện một tinh thần vô cùng mới: mỗi phụ nữ, hãy chấm dứt những bổn phận tòng thuộc chồng, để tự định đoạt lấy cách sống và giá trị của mình.\r\n\r\nSức mạnh trí tuệ ở Loan, không gì khác, là đã phát hiện, chỉ mặt những tác nhân gây đau khổ, dù đến cùng hay nửa vời, để không rơi vào tình cảnh mê muội chấp nhận mọi phi lí, ngang trái. Để học vấn mới lên ngôi, chỗ đứng của người phụ nữ sẽ rộng hơn rất nhiều so với vị trí con người nạn nhân như trước. Và không có gì hợp lí, thuyết phục cho bằng việc tìm chỗ đứng ấy ngay trong gia đình, nơi người phụ nữ vốn chỉ được đóng vai người sinh nở, hầu hạ gia đình chồng và là đích ngắm cho các sợi dây nghĩa vụ phi nhân thòng vào.', 55000.00, NULL, 29),(39, 'Thế Giới Này Âm Thầm Yêu Em', 'https://firebasestorage.googleapis.com/v0/b/image-c757c.appspot.com/o/truyenngan%2Fthegioinayamthamyeuem.jpg?alt=media&token=53d41e5e-afdc-44c8-bb58-d148e0d889ec', 'Thế Giới Này Âm Thầm Yêu Em\r\n\r\nÔng Trời chưa bao giờ vứt bỏ mỗi một linh hồn cố gắng sinh trưởng, cũng chưa từng phụ bạc mỗi một sinh mệnh đi lướt qua nhau. Tất cả ấm áp không mong mà gặp đang lặng lẽ thay đổi những cuộc đời tưởng chừng ảm đạm hỗn độn ấy. Tôi biết tôi có thể sống rất tốt, tại đây, một góc trong thế giới lạnh lùng này.\r\n\r\nNhững tháng ngày khó khăn gian khổ ấy, sẽ vun vén một bát cơm, một chén trà, một chiếc giường, một chùm tia sáng, và một vài tấm chân tình.', 129000.00, NULL, 30),(40, 'Xứ Cát', 'https://firebasestorage.googleapis.com/v0/b/image-c757c.appspot.com/o/truyenngan%2Fxu-cat.jpg?alt=media&token=c92e3734-c4d9-4012-8f70-20f850e70392', 'Sơ lược về tác phẩm\r\n\r\nMột thời điểm rất xa trong tương lai…\r\n\r\nTừ đời này sang đời khác, người Fremen trên hành tinh sa mạc lưu truyền lời tiên tri về một đấng cứu tinh sẽ dẫn dắt họ giành lấy tự do đích thực…\r\n\r\nTừ thế hệ này sang thế hệ khác, những nữ phù thủy Bene Gesserit mỏi mòn chờ đợi sự xuất hiện của một B.G. nam giới duy nhất, người có thể vượt qua mọi giới hạn không gian - thời gian…\r\n\r\nLà Lisal al-Gaib của người Fremen, là Kwisatz Haderach của học viện Bene Gesserit, chàng công tước trẻ tuổi Paul Atreides đã làm tất cả những gì có thể để thay đổi định mệnh đó. Cha bị giết chết, mẹ bị cho là kẻ phản bội, gia tộc bị tàn sát, bản thân bị săn đuổi đến đường cùng, Paul đơn độc dấn thân vào một cuộc phiêu lưu sinh tử, không hề biết rằng mỗi hành động của mình sẽ góp phần quyết định vận mệnh của cả thiên hà. Sa mạc Arrakis khắc nghiệt tưởng như sẽ là nơi chôn vùi vĩnh viễn vinh quang của gia tộc Atreides, nhưng hóa ra lại thành điểm khởi đầu cho một huyền thoại mới…\r\n\r\nLà một trong những cuốn tiểu thuyết khoa học giả tưởng bán chạy nhất mọi thời đại, Xứ Cát không chỉ là lựa chọn đối với những tín đồ của Chúa nhẫn, Chiến tranh giữa các vì sao… mà còn chinh phục độc giả đủ mọi lứa tuổi, mọi tầng lớp và sở thích bởi sự đa dạng và phức tạp của con người và không gian trong truyện, bởi sự tinh tế trong xây dựng tâm lý, bởi sự hấp dẫn, căng thẳng và bất ngờ của cốt truyện, bởi sự độc đáo và thú vị của khối lượng kiến thức khổng lồ cũng như bởi sự hấp dẫn trong những tư tưởng về tôn giáo, về tự do, về tình yêu, về sự sống và cái chết…\r\n\r\nNhận định\r\n\r\nĐộc nhất vô nhị… Không gì có thể sánh nổi, ngoại trừ Chúa nhẫn.\r\n\r\nArthur C. Clarke\r\n\r\nCó lẽ khó khăn lớn nhất khi đọc quyển sách này chính là phải đặt nó xuống.\r\n\r\nClassic Sci-Fi\r\n\r\n“Bức tranh toàn cảnh về một xã hội ngoài hành tinh hoàn thiện và chi tiết hơn bất kỳ tác giả nào trong lĩnh vực này từng dựng được… Một câu chuyện lôi cuốn vừa bởi hành động vừa bởi tầm nhìn triết học.”\r\n\r\nWashington Post Book World\r\n\r\nMã hàng	8935235231894\r\nTên Nhà Cung Cấp	Nhã Nam\r\nTác giả	Frank Herbert\r\nNgười Dịch	Trần Tiễn Cao Đăng\r\nNXB	Hội Nhà Văn\r\nNăm XB	2021\r\nNgôn Ngữ	Tiếng Việt\r\nTrọng lượng (gr)	1150.0000\r\nKích Thước Bao Bì	25 x 17 cm\r\nSố trang	714\r\nHình thức	Bìa Mềm\r\nSản phẩm hiển thị trong	\r\nNhã Nam\r\nSản phẩm bán chạy nhất	Top 100 sản phẩm Truyện ngắn - Tản Văn bán chạy của tháng\r\nSơ lược về tác phẩm\r\n\r\nMột thời điểm rất xa trong tương lai…\r\n\r\nTừ đời này sang đời khác, người Fremen trên hành tinh sa mạc lưu truyền lời tiên tri về một đấng cứu tinh sẽ dẫn dắt họ giành lấy tự do đích thực…\r\n\r\nTừ thế hệ này sang thế hệ khác, những nữ phù thủy Bene Gesserit mỏi mòn chờ đợi sự xuất hiện của một B.G. nam giới duy nhất, người có thể vượt qua mọi giới hạn không gian - thời gian…\r\n\r\nLà Lisal al-Gaib của người Fremen, là Kwisatz Haderach của học viện Bene Gesserit, chàng công tước trẻ tuổi Paul Atreides đã làm tất cả những gì có thể để thay đổi định mệnh đó. Cha bị giết chết, mẹ bị cho là kẻ phản bội, gia tộc bị tàn sát, bản thân bị săn đuổi đến đường cùng, Paul đơn độc dấn thân vào một cuộc phiêu lưu sinh tử, không hề biết rằng mỗi hành động của mình sẽ góp phần quyết định vận mệnh của cả thiên hà. Sa mạc Arrakis khắc nghiệt tưởng như sẽ là nơi chôn vùi vĩnh viễn vinh quang của gia tộc Atreides, nhưng hóa ra lại thành điểm khởi đầu cho một huyền thoại mới…\r\n\r\nLà một trong những cuốn tiểu thuyết khoa học giả tưởng bán chạy nhất mọi thời đại, Xứ Cát không chỉ là lựa chọn đối với những tín đồ của Chúa nhẫn, Chiến tranh giữa các vì sao… mà còn chinh phục độc giả đủ mọi lứa tuổi, mọi tầng lớp và sở thích bởi sự đa dạng và phức tạp của con người và không gian trong truyện, bởi sự tinh tế trong xây dựng tâm lý, bởi sự hấp dẫn, căng thẳng và bất ngờ của cốt truyện, bởi sự độc đáo và thú vị của khối lượng kiến thức khổng lồ cũng như bởi sự hấp dẫn trong những tư tưởng về tôn giáo, về tự do, về tình yêu, về sự sống và cái chết…', 249000.00, NULL, 31),(41, 'Ủa? GenZ???', 'https://firebasestorage.googleapis.com/v0/b/image-c757c.appspot.com/o/truyenngan%2FuagenZ.jpg?alt=media&token=d259182e-5617-4423-88c8-c5a367431ecd', 'Ủa? GenZ???\r\n\r\n- Cuốn sách này dành cho thế hệ GenZ\r\n\r\n- Vẽ ra chân dung chân thực nhất về cá tính GenZ trong thời đại công nghệ số\r\n\r\n- Giải mã ngôn ngữ GenZ, khám phá những hot trend hàng đầu và kết nối những con người tiên phong tạo nên xu hướng \r\n\r\n \r\n\r\nỦa / động từ/ \r\n\r\nỦa theo nghĩa đen là cách nói thể hiện sự bất ngờ, ngỡ ngàng, không tin vào mắt mình.\r\n\r\nCòn đối với GenZ, nó đôi khi chỉ là một cách để chào hỏi.\r\n\r\nNói tóm lại “Ủa? GenZ???” là cuốn sách như một lời chào, mời bạn đến với thế giới có tất tần tật những hành động cộp mác GenZ như:\r\n\r\n- Khi GenZ gặp bế tắc thường không tìm cách giải quyết bế tắc đó mà họ lựa chọn ngồi 18 tiếng đồng hồ để viết status, đăng story, làm meme về việc bế tắc các vấn đề đang bế tắc.\r\n\r\n- Nhờ bạn thân quay story tạo 7749 kiểu canh góc mặt nhưng đăng lên lại kèm cap quay lén ngại ghê.\r\n\r\n- Khi mưa có thể nghỉ làm, nhưng vẫn có thể đi bộ xa nhà 100m nhận đơn shopee để khum lộ số tiền đã bỏ ra.\r\n\r\n- Không đọ lương mà đọ số người xem story.\r\n\r\n- Chấm công có thể quên nhưng luôn nhớ chấm tinh dầu mụn….\r\n\r\nGen Z đang là thế lực trẻ trung, năng động với những năng lượng khác biệt. Với bộ não sáng tạo không ngừng nghỉ, các bạn liên tục cho ra đời ra những điều mới lạ mang đậm dấu ấn.\r\n\r\nNào là hệ ngôn ngữ riêng mà nếu không tra từ điển Gen Z chắc chắn các thế hệ \"người lớn\" sẽ đau đầu chóng mặt ngay. Hay đến những thói quen kỳ lạ cộp mác Gen Z khiến thế hệ Gen khác không thể nào hiểu nổi. Tất cả những điều trên đã tạo thành một cuốn sách khắc họa thế hệ trẻ vô cùng cá tính và thú vị. Nếu bạn có vô số những dấu hỏi chấm về GenZ? Với “Ủa? GenZ???” bạn sẽ không còn cảm thấy lạ lẫm hay rơi vào những tình huống dở khóc dở cười khi tiếp cận với một GenZ đầy khác biệt. \r\n\r\nĐặc biệt “Ủa? Genz???” được viết bởi admin fanpage Đài tiếng nói GenZ nơi chuyên chia sẻ những câu chuyện đời thường, đầy hài hước của các bạn trẻ gây bão mạng xã hội, mà bất kì dân chơi hệ “hóng hớt” nào nhất định không nên bỏ qua cuốn sách này. \r\n\r\nMã hàng	9786043312867\r\nTên Nhà Cung Cấp	Skybooks\r\nTác giả	Đài Tiếng Nói GenZ\r\nNXB	NXB Dân Trí\r\nNăm XB	2021\r\nNgôn Ngữ	Tiếng Việt\r\nTrọng lượng (gr)	220.0000\r\nKích Thước Bao Bì	12 x 10 cm\r\nSố trang	216\r\nHình thức	Bìa Mềm\r\nSản phẩm bán chạy nhất	Top 100 sản phẩm Truyện ngắn - Tản Văn bán chạy của tháng\r\nỦa? GenZ???\r\n\r\n- Cuốn sách này dành cho thế hệ GenZ\r\n\r\n- Vẽ ra chân dung chân thực nhất về cá tính GenZ trong thời đại công nghệ số\r\n\r\n- Giải mã ngôn ngữ GenZ, khám phá những hot trend hàng đầu và kết nối những con người tiên phong tạo nên xu hướng \r\n\r\n \r\n\r\nỦa / động từ/ \r\n\r\nỦa theo nghĩa đen là cách nói thể hiện sự bất ngờ, ngỡ ngàng, không tin vào mắt mình.\r\n\r\nCòn đối với GenZ, nó đôi khi chỉ là một cách để chào hỏi.\r\n\r\nNói tóm lại “Ủa? GenZ???” là cuốn sách như một lời chào, mời bạn đến với thế giới có tất tần tật những hành động cộp mác GenZ như:\r\n\r\n- Khi GenZ gặp bế tắc thường không tìm cách giải quyết bế tắc đó mà họ lựa chọn ngồi 18 tiếng đồng hồ để viết status, đăng story, làm meme về việc bế tắc các vấn đề đang bế tắc.\r\n\r\n- Nhờ bạn thân quay story tạo 7749 kiểu canh góc mặt nhưng đăng lên lại kèm cap quay lén ngại ghê.\r\n\r\n- Khi mưa có thể nghỉ làm, nhưng vẫn có thể đi bộ xa nhà 100m nhận đơn shopee để khum lộ số tiền đã bỏ ra.\r\n\r\n- Không đọ lương mà đọ số người xem story.\r\n\r\n- Chấm công có thể quên nhưng luôn nhớ chấm tinh dầu mụn….\r\n\r\nGen Z đang là thế lực trẻ trung, năng động với những năng lượng khác biệt. Với bộ não sáng tạo không ngừng nghỉ, các bạn liên tục cho ra đời ra những điều mới lạ mang đậm dấu ấn.\r\n\r\nNào là hệ ngôn ngữ riêng mà nếu không tra từ điển Gen Z chắc chắn các thế hệ \"người lớn\" sẽ đau đầu chóng mặt ngay. Hay đến những thói quen kỳ lạ cộp mác Gen Z khiến thế hệ Gen khác không thể nào hiểu nổi. Tất cả những điều trên đã tạo thành một cuốn sách khắc họa thế hệ trẻ vô cùng cá tính và thú vị. Nếu bạn có vô số những dấu hỏi chấm về GenZ? Với “Ủa? GenZ???” bạn sẽ không còn cảm thấy lạ lẫm hay rơi vào những tình huống dở khóc dở cười khi tiếp cận với một GenZ đầy khác biệt. \r\n\r\nĐặc biệt “Ủa? Genz???” được viết bởi admin fanpage Đài tiếng nói GenZ nơi chuyên chia sẻ những câu chuyện đời thường, đầy hài hước của các bạn trẻ gây bão mạng xã hội, mà bất kì dân chơi hệ “hóng hớt” nào nhất định không nên bỏ qua cuốn sách này. ', 79000.00, NULL, 32),(42, 'Tâm An Ắt Bình An', 'https://firebasestorage.googleapis.com/v0/b/image-c757c.appspot.com/o/truyenngan%2Ftam-an-at-binh-an.jpg?alt=media&token=44eda264-ee51-4e46-a44c-7147cea2f7d6', 'Tâm An Ắt Bình An\r\n\r\nCuộc đời không phải lúc nào cũng là câu chuyện cười, nên muốn sống vui, mỗi người cần có riêng mình một bí kíp.\r\n\r\nTrời mưa, coi đó là chuyện hay cho cỏ cây hoa lá. Mưa đủ, hoa bung nở, ru êm những bực bội trong lòng. Người đời quen bạc bẽo, coi đó là bài học để độc lập mà sống. Tự chủ rồi, sẽ học được cách thứ tha cho những ái hận quẩn quanh. Đường công danh trắc trở, coi đó là bậc thềm để dậm bước tới thành công. Gập ghềnh mãi, bất công cũng thành bất bại, thắng lợi cũng liền trong tay. Tóm lại, đời có ra sao - là khổ hay vui, là đắng hay ngọt cũng là tùy theo tâm tính của mỗi người.\r\n\r\nLòng bạn có ấm áp, thiện lành, rộng rãi thì đời mới có rực rỡ, thoáng đãng mà yên vui. \r\n\r\n“Tâm an ắt bình an”, cuốn sách đầu tay của tác Thiên An thường được biết tới với biệt danh “Anh Tấm” – tác giả của nhiều bài viết nghiên cứu mệnh số nhân sinh được yêu mến. “Tâm an ắt bình an” chính là bí kíp điều chỉnh tâm tính mà chắc hẳn mỗi người trong chúng ta - dù ở bất kỳ độ tuổi nào đều cần, để đọc, để ngẫm và hơn cả là để thực hành một cách sống:\r\n\r\n“Tâm ta như mặt trăng. Cuộc sống như hồ nước. Tâm ta tròn thì phản chiếu trong hồ nước là hình tròn. Tâm ta khuyết thì phản chiếu trong hồ nước là hình khuyết. Nên nếu có thời điểm nào quá khó khăn, quá mỏi mệt, quá chán nản, quá đớn đau. Thay vì tìm cách thay đổi cuộc sống, thay đổi cái hình chiếu trong hồ nước, hãy nhắm mắt lại, thay đổi tâm thái của bản thân mình. Khi đó dù mọi thứ vẫn vậy, cuộc sống vẫn bon chen và đầy thử thách. Ta cũng sẽ vẫn thấy, bản tâm mình được thanh thản và thư thái hơn.”\r\n\r\n“Tâm an ắt bình an”, tâm hồn bạn có tử tế, đường đi mới ngay thẳng, gặp được người chân thành. Thâm tâm bạn kiên cường, bất khuất mới có duyên gặt trái ngọt trên cao. “Tâm an ắt bình an”, nhớ câu này ở trong lòng mỗi khi đời bão nổi, để khỏi phải trăn trở với những chuyện bi hài của thế gian. Để giữa đời vụng lầy vẫn thản nhiên rũ mình làm một đóa sen thơm yên tịnh. \r\n\r\n“Tâm an ắt bình an”. Hãy mang cuốn sách này của “Anh Tấm” theo bạn trong những năm tháng sau này, để giá trị của sự bình an luôn tròn vẹn trong tâm trí bạn, giúp bạn tiếp cận những đặc biệt riêng trong cuộc đời của mình. Để quá khứ thôi là nỗi bi quan, để hôm nay thêm tự tin, để sống thêm ngày mai là thêm động lực...\r\n\r\n“Mỗi người một mệnh số, mỗi người một nghiệp quả, mỗi người một phúc duyên chẳng ai giống ai. Hãy cứ cố gắng, hãy cứ kiên cường, hãy cứ mạnh mẽ... Vinh hoa ở thời điểm được vinh hoa. Phú quý ở điểm xứng đáng được phú quý.”\r\n\r\nHãy cứ là chính mình. Sống một đời rực rỡ và bình phàm an yên!\r\n\r\nMã hàng	8935325001444\r\nTên Nhà Cung Cấp	Skybooks\r\nTác giả	Thiên An\r\nNXB	NXB Phụ Nữ Việt Nam\r\nNăm XB	2021\r\nNgôn Ngữ	Tiếng Việt\r\nTrọng lượng (gr)	300.0000\r\nKích Thước Bao Bì	20.5 x 14 cm\r\nSố trang	288\r\nHình thức	Bìa Mềm\r\nSản phẩm bán chạy nhất	Top 100 sản phẩm Truyện ngắn - Tản Văn bán chạy của tháng\r\nTâm An Ắt Bình An\r\n\r\nCuộc đời không phải lúc nào cũng là câu chuyện cười, nên muốn sống vui, mỗi người cần có riêng mình một bí kíp.\r\n\r\nTrời mưa, coi đó là chuyện hay cho cỏ cây hoa lá. Mưa đủ, hoa bung nở, ru êm những bực bội trong lòng. Người đời quen bạc bẽo, coi đó là bài học để độc lập mà sống. Tự chủ rồi, sẽ học được cách thứ tha cho những ái hận quẩn quanh. Đường công danh trắc trở, coi đó là bậc thềm để dậm bước tới thành công. Gập ghềnh mãi, bất công cũng thành bất bại, thắng lợi cũng liền trong tay. Tóm lại, đời có ra sao - là khổ hay vui, là đắng hay ngọt cũng là tùy theo tâm tính của mỗi người.\r\n\r\nLòng bạn có ấm áp, thiện lành, rộng rãi thì đời mới có rực rỡ, thoáng đãng mà yên vui. \r\n\r\n“Tâm an ắt bình an”, cuốn sách đầu tay của tác Thiên An thường được biết tới với biệt danh “Anh Tấm” – tác giả của nhiều bài viết nghiên cứu mệnh số nhân sinh được yêu mến. “Tâm an ắt bình an” chính là bí kíp điều chỉnh tâm tính mà chắc hẳn mỗi người trong chúng ta - dù ở bất kỳ độ tuổi nào đều cần, để đọc, để ngẫm và hơn cả là để thực hành một cách sống:\r\n\r\n“Tâm ta như mặt trăng. Cuộc sống như hồ nước. Tâm ta tròn thì phản chiếu trong hồ nước là hình tròn. Tâm ta khuyết thì phản chiếu trong hồ nước là hình khuyết. Nên nếu có thời điểm nào quá khó khăn, quá mỏi mệt, quá chán nản, quá đớn đau. Thay vì tìm cách thay đổi cuộc sống, thay đổi cái hình chiếu trong hồ nước, hãy nhắm mắt lại, thay đổi tâm thái của bản thân mình. Khi đó dù mọi thứ vẫn vậy, cuộc sống vẫn bon chen và đầy thử thách. Ta cũng sẽ vẫn thấy, bản tâm mình được thanh thản và thư thái hơn.”\r\n\r\n“Tâm an ắt bình an”, tâm hồn bạn có tử tế, đường đi mới ngay thẳng, gặp được người chân thành. Thâm tâm bạn kiên cường, bất khuất mới có duyên gặt trái ngọt trên cao. “Tâm an ắt bình an”, nhớ câu này ở trong lòng mỗi khi đời bão nổi, để khỏi phải trăn trở với những chuyện bi hài của thế gian. Để giữa đời vụng lầy vẫn thản nhiên rũ mình làm một đóa sen thơm yên tịnh. \r\n\r\n“Tâm an ắt bình an”. Hãy mang cuốn sách này của “Anh Tấm” theo bạn trong những năm tháng sau này, để giá trị của sự bình an luôn tròn vẹn trong tâm trí bạn, giúp bạn tiếp cận những đặc biệt riêng trong cuộc đời của mình. Để quá khứ thôi là nỗi bi quan, để hôm nay thêm tự tin, để sống thêm ngày mai là thêm động lực...\r\n\r\n“Mỗi người một mệnh số, mỗi người một nghiệp quả, mỗi người một phúc duyên chẳng ai giống ai. Hãy cứ cố gắng, hãy cứ kiên cường, hãy cứ mạnh mẽ... Vinh hoa ở thời điểm được vinh hoa. Phú quý ở điểm xứng đáng được phú quý.”\r\n\r\nHãy cứ là chính mình. Sống một đời rực rỡ và bình phàm an yên!', 92000.00, NULL, 33),(43, 'Hẹn Nhau Phía Sau Tan Vỡ', 'https://firebasestorage.googleapis.com/v0/b/image-c757c.appspot.com/o/truyenngan%2Fbia_hen-nhau-sau-tan-vo_2.jpg?alt=media&token=237466f3-995c-43cf-824c-1a10b013c7ef', 'Hẹn Nhau Phía Sau Tan Vỡ\r\n\r\nCuốn sách này…\r\nDành tặng những tâm hồn tan vỡ, đã yêu, đã chia ly, đã từ biệt…\r\n\r\nVà lời chúc cho một cuộc hạnh ngộ đủ đầy yêu thương.\r\n\r\n\r\n“Có nhiều lần tự hỏi, tại sao ngoài kia có biết bao chuyện tình đẹp, sao mình lần nào cũng dở dang?”\r\n\r\nSau chia tay, có phải bạn luôn loay hoay với rất nhiều hoài nghi, vô vàn thứ cảm xúc rối ren phức tạp, và tự hỏi như thế, tự căn dặn mình những lời lẽ: mạnh mẽ lên, sẽ ổn thôi, đừng hối hận…?\r\n\r\nCũng có thể, bạn trải nghiệm những mối tình thoáng chốc, để rồi sau cuối, trong những ngày ngập tràn cô đơn, đã luôn tự hỏi, làm thế nào để trở về khoảng thời gian hạnh phúc bên – người – xưa – cũ?\r\n\r\nHay chỉ là muốn biết, liệu có một cách nào khác, để bạn được hạnh phúc trong những dự tính mới - dù chỉ một mình…?\r\n\r\nCâu trả lời nằm ở cuốn sách này – Hẹn nhau phía sau tan vỡ - một cuốn tản văn man mác buồn khiến những ai đã từng rung động phải thổn thức như đối diện với chính câu chuyện của mình. Nhưng cuốn sách này tuyệt đối không chỉ chất chứa những điều bi lụy, chua xót. Sau mỗi câu chữ, tác giả luôn biết cách nhen nhóm lên một ngọn lửa lòng, để lấp đầy những khoảng trống trong tâm hồn tan vỡ,  tìm về nơi chất chứa những kỉ niệm cũ đáng nhớ nhưng phải quên, để bạn đủ dũng khí nói lời xin lỗi và cảm ơn:\r\n\r\nXin lỗi vì đã để trái tim phải chịu nhiều tổn thương\r\n\r\nXin lỗi vì phải đi thật xa và thật lâu\r\n\r\nMới hiểu rằng phía sau tan vỡ là con đường từ tổn thương đến yên bình\r\n\r\nVà mình, hẹn nhau ở phía cuối… \r\n\r\nMã hàng	8936186547171\r\nTên Nhà Cung Cấp	Skybooks\r\nTác giả	An\r\nNXB	NXB Phụ Nữ Việt Nam\r\nNăm XB	2020\r\nNgôn Ngữ	Tiếng Việt\r\nTrọng lượng (gr)	250.0000\r\nKích Thước Bao Bì	20 x 12.5 cm\r\nSố trang	232\r\nHình thức	Bìa Mềm\r\nSản phẩm bán chạy nhất	Top 100 sản phẩm Truyện ngắn - Tản Văn bán chạy của tháng\r\nHẹn Nhau Phía Sau Tan Vỡ\r\n\r\nCuốn sách này…\r\nDành tặng những tâm hồn tan vỡ, đã yêu, đã chia ly, đã từ biệt…\r\n\r\nVà lời chúc cho một cuộc hạnh ngộ đủ đầy yêu thương.\r\n\r\n\r\n“Có nhiều lần tự hỏi, tại sao ngoài kia có biết bao chuyện tình đẹp, sao mình lần nào cũng dở dang?”\r\n\r\nSau chia tay, có phải bạn luôn loay hoay với rất nhiều hoài nghi, vô vàn thứ cảm xúc rối ren phức tạp, và tự hỏi như thế, tự căn dặn mình những lời lẽ: mạnh mẽ lên, sẽ ổn thôi, đừng hối hận…?\r\n\r\nCũng có thể, bạn trải nghiệm những mối tình thoáng chốc, để rồi sau cuối, trong những ngày ngập tràn cô đơn, đã luôn tự hỏi, làm thế nào để trở về khoảng thời gian hạnh phúc bên – người – xưa – cũ?\r\n\r\nHay chỉ là muốn biết, liệu có một cách nào khác, để bạn được hạnh phúc trong những dự tính mới - dù chỉ một mình…?\r\n\r\nCâu trả lời nằm ở cuốn sách này – Hẹn nhau phía sau tan vỡ - một cuốn tản văn man mác buồn khiến những ai đã từng rung động phải thổn thức như đối diện với chính câu chuyện của mình. Nhưng cuốn sách này tuyệt đối không chỉ chất chứa những điều bi lụy, chua xót. Sau mỗi câu chữ, tác giả luôn biết cách nhen nhóm lên một ngọn lửa lòng, để lấp đầy những khoảng trống trong tâm hồn tan vỡ,  tìm về nơi chất chứa những kỉ niệm cũ đáng nhớ nhưng phải quên, để bạn đủ dũng khí nói lời xin lỗi và cảm ơn:\r\n\r\nXin lỗi vì đã để trái tim phải chịu nhiều tổn thương\r\n\r\nXin lỗi vì phải đi thật xa và thật lâu\r\n\r\nMới hiểu rằng phía sau tan vỡ là con đường từ tổn thương đến yên bình\r\n\r\nVà mình, hẹn nhau ở phía cuối… ', 86000.00, NULL, 34),(44, 'Vẫn Là Mùa Hạ Nhưng Không Còn Chúng Ta', 'https://firebasestorage.googleapis.com/v0/b/image-c757c.appspot.com/o/truyenngan%2Fvanlamuahanhungkhongconchungta.jpg?alt=media&token=56dc4dd3-de66-4d05-84dd-f95fc782b970', '“Vẫn là mùa hạ, nhưng không còn chúng ta” - Cuốn sách dành tặng riêng cho mùa hạ vỡ đôi, cho những người đang loay hoay tìm cho mình khoảng trời bình yên để trú ngụ từ Hiên và Skybooks.\r\n\r\nVẫn là mùa hạ, nhưng không còn chúng ta.\r\n\r\nBởi vì một nhẽ, ai rồi cũng vậy. Thay đổi là tất yếu, vì thời gian không đứng yên.\r\n\r\nHiên cũng vậy, và bạn cũng thế.\r\n\r\nCó thể chúng ta sẽ buồn, vì không giữ được mình trong trẻo như ngày cũ.\r\n\r\nNhưng cũng đừng lo lắng, bởi mỗi một cái ta trong một khoảnh khắc, đều là của biết bao nhiêu biến cố mà trở thành.\r\n\r\nChúng ta của ngày hôm nay đã khác.\r\n\r\nNhưng mong chúng ta vẫn sẽ giữ được cho mình chút gì đó như mình vẫn luôn mong. Đừng để bản thân trở thành một hình mẫu xa lạ mà chính mình còn không nhận ra.\r\n\r\nĐừng để những mối quan hệ vì ta thay đổi mà tan vỡ. Đừng để chính mình phải đau lòng vì mình đã quá khác.\r\n\r\n“Vẫn là mùa hạ, nhưng không còn chúng ta”. Nhưng mong, chúng ta của mùa hạ này, là một chúng ta hiểu biết hơn, trưởng thành hơn và tốt đẹp hơn.\r\n\r\n“Vẫn là mùa hạ, nhưng không còn chúng ta”. Nhưng mong chúng ta bây giờ là chúng ta của trưởng thành, biết nắm những điều cần nắm, buông những điều cần buông. Đau lòng vì những gì xứng đáng.\r\n\r\n “Vẫn là mùa hạ, nhưng không còn chúng ta”. Thật hy vọng tất cả những câu chuyện bình dị trong cuốn sách này sẽ đủ để ủi an, đủ để thấu hiểu, và cho bạn thêm can đảm để bước ra khỏi vùng ký ức đã cũ, cất gọn những cảm xúc ngổn ngang, gác lại những đắn đo suy nghĩ để vững tin hơn trong hành trình tìm kiếm hạnh phúc cho riêng mình.\r\n\r\nMạnh mẽ lên, chúng ta chỉ có một cuộc đời.\r\n\r\nMã hàng	8936186545429\r\nTên Nhà Cung Cấp	Skybooks\r\nTác giả	Hiên\r\nNXB	NXB Phụ Nữ Việt Nam\r\nNăm XB	2020\r\nNgôn Ngữ	Tiếng Việt\r\nTrọng lượng (gr)	180.0000\r\nKích Thước Bao Bì	19 x 11 cm\r\nSố trang	176\r\nHình thức	Bìa Mềm\r\nSản phẩm hiển thị trong	\r\nTác Giả Hiên\r\nSản phẩm bán chạy nhất	Top 100 sản phẩm Truyện ngắn - Tản Văn bán chạy của tháng\r\n“Vẫn là mùa hạ, nhưng không còn chúng ta” - Cuốn sách dành tặng riêng cho mùa hạ vỡ đôi, cho những người đang loay hoay tìm cho mình khoảng trời bình yên để trú ngụ từ Hiên và Skybooks.\r\n\r\nVẫn là mùa hạ, nhưng không còn chúng ta.\r\n\r\nBởi vì một nhẽ, ai rồi cũng vậy. Thay đổi là tất yếu, vì thời gian không đứng yên.\r\n\r\nHiên cũng vậy, và bạn cũng thế.\r\n\r\nCó thể chúng ta sẽ buồn, vì không giữ được mình trong trẻo như ngày cũ.\r\n\r\nNhưng cũng đừng lo lắng, bởi mỗi một cái ta trong một khoảnh khắc, đều là của biết bao nhiêu biến cố mà trở thành.\r\n\r\nChúng ta của ngày hôm nay đã khác.\r\n\r\nNhưng mong chúng ta vẫn sẽ giữ được cho mình chút gì đó như mình vẫn luôn mong. Đừng để bản thân trở thành một hình mẫu xa lạ mà chính mình còn không nhận ra.\r\n\r\nĐừng để những mối quan hệ vì ta thay đổi mà tan vỡ. Đừng để chính mình phải đau lòng vì mình đã quá khác.\r\n\r\n“Vẫn là mùa hạ, nhưng không còn chúng ta”. Nhưng mong, chúng ta của mùa hạ này, là một chúng ta hiểu biết hơn, trưởng thành hơn và tốt đẹp hơn.\r\n\r\n“Vẫn là mùa hạ, nhưng không còn chúng ta”. Nhưng mong chúng ta bây giờ là chúng ta của trưởng thành, biết nắm những điều cần nắm, buông những điều cần buông. Đau lòng vì những gì xứng đáng.\r\n\r\n “Vẫn là mùa hạ, nhưng không còn chúng ta”. Thật hy vọng tất cả những câu chuyện bình dị trong cuốn sách này sẽ đủ để ủi an, đủ để thấu hiểu, và cho bạn thêm can đảm để bước ra khỏi vùng ký ức đã cũ, cất gọn những cảm xúc ngổn ngang, gác lại những đắn đo suy nghĩ để vững tin hơn trong hành trình tìm kiếm hạnh phúc cho riêng mình.\r\n\r\nMạnh mẽ lên, chúng ta chỉ có một cuộc đời.', 83000.00, NULL, 35),(45, 'Đừng Yêu Thầm Nữa, Tỏ Tình Đi', 'https://firebasestorage.googleapis.com/v0/b/image-c757c.appspot.com/o/truyenngan%2Fdungyeuthamnuatotinhdi.jpg?alt=media&token=0c760d78-840c-4a8d-855e-a74ee93085e4', 'Đừng Yêu Thầm Nữa, Tỏ Tình Đi\r\n\r\nNổi tiếng sau một đêm với biệt danh “hotgirl bóng bàn”, Trần Minh Phương Thảo đã trở thành cái tên không còn xa lạ với giới trẻ Việt. Cô gái nổi lên nhờ ngoại hình xinh xắn cùng thành tích thi đấu siêu “khủng” nay đã trở thành người dẫn chương trình của VTV. Ngoài ra Phương Thảo còn sở hữu kênh Youtube với hơn 700.000 người theo dõi, đưa ra nhiều lời khuyên bổ ích cho các bạn trẻ về tình yêu và cuộc sống.\r\n\r\nGiới thiệu sách:\r\n\r\nĐiều kỳ diệu nhất của tuổi trẻ là tình yêu, và điều kì diệu nhất của tình yêu chính là khả năng thay đổi một người.\r\n\r\nTừ ít nói, chậm chạp trở nên vui vẻ, hoạt bát.\r\n\r\nTừ lạnh lùng, khô khan trở nên gần gũi, dịu dàng.\r\n\r\nĐơn giản vì một nụ cười mà cả ngày vui vẻ, cũng vì một giọt nước mắt mà đau đớn trong tim.\r\n\r\nNhững sôi nổi, nhiệt thành ấy rồi sẽ dần dần cùng tuổi trẻ biến mất. Vậy tại sao khi còn có thể, bạn không nỗ lực tới cùng để theo đuổi tình yêu?\r\n\r\nThấu hiểu những rung động ấy, “Đừng yêu thầm nữa, tỏ tình đi” giống như lời cổ vũ tiếp thêm sức mạnh cho bạn trên hành trình chinh phục tình yêu, để một lúc nào đó ngoảnh đầu nhìn lại, thứ bạn nhìn thấy sẽ là một quãng đường tuổi trẻ rực rỡ mà yên bình.\r\n\r\nĐọc “Đừng yêu thầm nữa, tỏ tình đi”, bạn sẽ dễ dàng bắt gặp hình bóng của chính mình để từ đó học được cách yêu, học cách mạnh mẽ để có được tình yêu của cuộc đời.\r\n\r\nChúc bạn có thật nhiều can đảm và mạnh mẽ nắm lấy hạnh phúc của chính mình!\r\n\r\nMã hàng	9786043280814\r\nNhà Cung Cấp	Công Ty Cổ Phần Time Books\r\nTác giả	Trần Minh Phương Thảo\r\nNXB	NXB Hồng Đức\r\nNăm XB	2021\r\nNgôn Ngữ	Tiếng Việt\r\nTrọng lượng (gr)	200.0000\r\nKích Thước Bao Bì	19 x 13 cm\r\nSố trang	176\r\nHình thức	Bìa Mềm\r\nSản phẩm bán chạy nhất	Top 100 sản phẩm Truyện ngắn - Tản Văn bán chạy của tháng\r\nĐừng Yêu Thầm Nữa, Tỏ Tình Đi\r\n\r\nNổi tiếng sau một đêm với biệt danh “hotgirl bóng bàn”, Trần Minh Phương Thảo đã trở thành cái tên không còn xa lạ với giới trẻ Việt. Cô gái nổi lên nhờ ngoại hình xinh xắn cùng thành tích thi đấu siêu “khủng” nay đã trở thành người dẫn chương trình của VTV. Ngoài ra Phương Thảo còn sở hữu kênh Youtube với hơn 700.000 người theo dõi, đưa ra nhiều lời khuyên bổ ích cho các bạn trẻ về tình yêu và cuộc sống.\r\n\r\nGiới thiệu sách:\r\n\r\nĐiều kỳ diệu nhất của tuổi trẻ là tình yêu, và điều kì diệu nhất của tình yêu chính là khả năng thay đổi một người.\r\n\r\nTừ ít nói, chậm chạp trở nên vui vẻ, hoạt bát.\r\n\r\nTừ lạnh lùng, khô khan trở nên gần gũi, dịu dàng.\r\n\r\nĐơn giản vì một nụ cười mà cả ngày vui vẻ, cũng vì một giọt nước mắt mà đau đớn trong tim.\r\n\r\nNhững sôi nổi, nhiệt thành ấy rồi sẽ dần dần cùng tuổi trẻ biến mất. Vậy tại sao khi còn có thể, bạn không nỗ lực tới cùng để theo đuổi tình yêu?\r\n\r\nThấu hiểu những rung động ấy, “Đừng yêu thầm nữa, tỏ tình đi” giống như lời cổ vũ tiếp thêm sức mạnh cho bạn trên hành trình chinh phục tình yêu, để một lúc nào đó ngoảnh đầu nhìn lại, thứ bạn nhìn thấy sẽ là một quãng đường tuổi trẻ rực rỡ mà yên bình.\r\n\r\nĐọc “Đừng yêu thầm nữa, tỏ tình đi”, bạn sẽ dễ dàng bắt gặp hình bóng của chính mình để từ đó học được cách yêu, học cách mạnh mẽ để có được tình yêu của cuộc đời.\r\n\r\nChúc bạn có thật nhiều can đảm và mạnh mẽ nắm lấy hạnh phúc của chính mình!', 86000.00, NULL, 36),(46, 'Đừng Là Tinh Cầu Cô Độc Giữa Vụ Trụ Bao La', 'https://firebasestorage.googleapis.com/v0/b/image-c757c.appspot.com/o/truyenngan%2Fdunglatinhcaucodocgiuavutrubaola.jpg?alt=media&token=1f9c22a2-4182-4264-bacd-419fed96dc3a', '“Không phải số phận mà tôi tin rằng chính những quyết định mới là điều làm nên mỗi con người”. Dương Thùy\r\n\r\nRa mắt lần đầu độc giả năm 2017, cuốn sách “Chúng ta đâu chỉ sống cho riêng mình” đã mang đến thành công vang dội cho tác giả Dương Thùy khi được xuất hiện trong đề thi trường chuyên THPT Vinh, được giới  thiệu rầm rộ trên đài  truyền hình địa phương và được sự đón nhận với hàng ngàn độc giả.\r\n\r\nLần tái bản này, cuốn sách sẽ được “tái sinh” diện mạo mới với cái Đừng là tinh cầu cô độc giữa vũ trụ bao la.\r\n\r\n------\r\n\r\nDù bạn đang ở độ tuổi nào thì câu hỏi \"Tôi là ai?\" cũng phải mất cả cuộc đời để đi tìm lời giải đáp. Khi biết rõ được những giá trị thực, cốt lõi của mình, chúng ta sẽ không còn cảm thấy sợ hãi trước sự bất định của cuộc sống.\r\n\r\nNhưng làm cách nào để hiểu mình cho đúng, để đào sâu cái “tôi” và chăm sóc tâm hồn… Tất cả những câu hỏi ấy đều được tác giả Dương Thùy trả lời trong cuốn sách này.\r\n\r\nMột khi nhìn thấu những ưu, nhược điểm của bản thân, bạn sẽ biết nên giữ gìn và loại bỏ đi điều gì.\r\n\r\nKhác với những cuốn tản văn trước đây của mình, Dương Thùy mang tới cho bạn đọc những chuỗi “bài tập” tâm lý, giúp những bạn trẻ đang muốn đối thoại với trái tim và tâm hồn của chính mình tìm ra hướng đi trong cuộc sống.\r\n\r\nTrải dài hơn 200 trang sách nhưng hội tụ tất cả quan điểm sống và thông điệp về cuộc sống qua những trích dẫn đắt giá của tác giả.\r\n\r\nĐừng là tinh cầu cô độc giữa vũ trụ bao la tựa như một tấm gương, đôi lúc bạn đọc sẽ thấy hình ảnh của chính mình đang phản chiếu qua trang sách. Nhưng để nhận ra điều này, chúng ta cần can đảm và thành thật đối diện với bản thân.\r\n\r\nBởi khi đối diện với bản thân chính là đối diện với cả những mặt trái và điều đó chẳng hề dễ dàng. Thông thường, ai cũng nghĩ về những điểm tốt của bản thân hay có chăng chỉ là những điều chưa hay. Nhưng đã bao giờ bạn thực sự đối mặt với hạn chế, thậm chí điều xấu xa trong chính con người mình?\r\n\r\nTrải qua tuổi trẻ nông nổi, bồng bột, Dương Thùy đã đúc rút, đưa ra giải pháp giúp bạn đọc, những ai đã và đang ở độ tuổi ấy có thể vượt ra khỏi “vùng an toàn” đi tìm con người thật của chính mình. \r\n\r\n“Nếu muốn tương lai như hình dung của chính mình thì bản thân phải cố gắng ở hiện tại, để đạt tới tương lai đó”.\r\n\r\nCó thể nói Đừng là tinh cầu cô độc giữa vũ trụ bao la chính là cuốn sách gối đầu giường cho các bạn trẻ còn đang loay hoay đi tìm con đường của mình. Những bài học của tác giả sẽ đóng vai trò làm chất xúc tác thúc đẩy bạn hoàn thiện bản thân nhanh hơn.\r\n\r\nMã hàng	8936186546488\r\nTên Nhà Cung Cấp	AZ Việt Nam\r\nTác giả	Dương Thùy\r\nNXB	NXB Văn Học\r\nNăm XB	2020\r\nTrọng lượng (gr)	200.0000\r\nKích Thước Bao Bì	20.5 x 13 cm\r\nSố trang	208\r\nHình thức	Bìa Mềm\r\nSản phẩm hiển thị trong	\r\nAZ Việt Nam\r\nSản phẩm bán chạy nhất	Top 100 sản phẩm Truyện ngắn - Tản Văn bán chạy của tháng\r\n“Không phải số phận mà tôi tin rằng chính những quyết định mới là điều làm nên mỗi con người”. Dương Thùy\r\n\r\nRa mắt lần đầu độc giả năm 2017, cuốn sách “Chúng ta đâu chỉ sống cho riêng mình” đã mang đến thành công vang dội cho tác giả Dương Thùy khi được xuất hiện trong đề thi trường chuyên THPT Vinh, được giới  thiệu rầm rộ trên đài  truyền hình địa phương và được sự đón nhận với hàng ngàn độc giả.\r\n\r\nLần tái bản này, cuốn sách sẽ được “tái sinh” diện mạo mới với cái Đừng là tinh cầu cô độc giữa vũ trụ bao la.\r\n\r\n------\r\n\r\nDù bạn đang ở độ tuổi nào thì câu hỏi \"Tôi là ai?\" cũng phải mất cả cuộc đời để đi tìm lời giải đáp. Khi biết rõ được những giá trị thực, cốt lõi của mình, chúng ta sẽ không còn cảm thấy sợ hãi trước sự bất định của cuộc sống.\r\n\r\nNhưng làm cách nào để hiểu mình cho đúng, để đào sâu cái “tôi” và chăm sóc tâm hồn… Tất cả những câu hỏi ấy đều được tác giả Dương Thùy trả lời trong cuốn sách này.\r\n\r\nMột khi nhìn thấu những ưu, nhược điểm của bản thân, bạn sẽ biết nên giữ gìn và loại bỏ đi điều gì.\r\n\r\nKhác với những cuốn tản văn trước đây của mình, Dương Thùy mang tới cho bạn đọc những chuỗi “bài tập” tâm lý, giúp những bạn trẻ đang muốn đối thoại với trái tim và tâm hồn của chính mình tìm ra hướng đi trong cuộc sống.\r\n\r\nTrải dài hơn 200 trang sách nhưng hội tụ tất cả quan điểm sống và thông điệp về cuộc sống qua những trích dẫn đắt giá của tác giả.\r\n\r\nĐừng là tinh cầu cô độc giữa vũ trụ bao la tựa như một tấm gương, đôi lúc bạn đọc sẽ thấy hình ảnh của chính mình đang phản chiếu qua trang sách. Nhưng để nhận ra điều này, chúng ta cần can đảm và thành thật đối diện với bản thân.\r\n\r\nBởi khi đối diện với bản thân chính là đối diện với cả những mặt trái và điều đó chẳng hề dễ dàng. Thông thường, ai cũng nghĩ về những điểm tốt của bản thân hay có chăng chỉ là những điều chưa hay. Nhưng đã bao giờ bạn thực sự đối mặt với hạn chế, thậm chí điều xấu xa trong chính con người mình?\r\n\r\nTrải qua tuổi trẻ nông nổi, bồng bột, Dương Thùy đã đúc rút, đưa ra giải pháp giúp bạn đọc, những ai đã và đang ở độ tuổi ấy có thể vượt ra khỏi “vùng an toàn” đi tìm con người thật của chính mình. \r\n\r\n“Nếu muốn tương lai như hình dung của chính mình thì bản thân phải cố gắng ở hiện tại, để đạt tới tương lai đó”.\r\n\r\nCó thể nói Đừng là tinh cầu cô độc giữa vũ trụ bao la chính là cuốn sách gối đầu giường cho các bạn trẻ còn đang loay hoay đi tìm con đường của mình. Những bài học của tác giả sẽ đóng vai trò làm chất xúc tác thúc đẩy bạn hoàn thiện bản thân nhanh hơn.', 89000.00, NULL, 37),(47, 'Vô Thường (Tái Bản 2018)', 'https://firebasestorage.googleapis.com/v0/b/image-c757c.appspot.com/o/truyenngan%2Fvothuong.jpg?alt=media&token=ea7b5fb9-1116-49c6-9151-066a1425a000', 'Vô Thường (Tái Bản 2018)\r\n\r\n\"Hy sinh vì người khác luôn cho hương thơm bay ngược chiều gió. Gánh nặng vì tình yêu luôn song hành cùng sức mạnh vô song. Bất cứ gỗ đá nào chạm phải tình yêu đều trở nên bao dung mềm mại.\r\n\r\nTôi thấy lòng mình bỗng chật. Những gì trước đây tôi cho là đúng, bây giờ tôi đâm nghi ngờ. Những gì trước đây tôi luôn theo đuổi, giành giật để có, bây giờ thấy chẳng còn quan trọng nữa.\r\n\r\nNhững tay thét ra lửa, những tay sừng sỏ mà tôi từng kính nể, bỗng dưng tôi thấy họ bình thường. Họ cố gắng dùng đôi bàn tay chứng tỏ mình, khuếch trương mình, những cái họ có được chỉ là thứ trơ trẽn. Họ không bình yên trên vật chất họ có được. Họ khoác những chiếc áo sang trọng, tay đeo đầy những kim cương, xịt toàn nước hoa hảo hạng, nhưng không bao giờ có mùi hương thanh tao, dịu ngọt, toả lan khắp bầu trời.\r\n\r\nTôi bị ám ảnh, vì trong tôi hoài thai một lối sống. Tôi muốn thoát khỏi bàn tay của chính mình. Tôi là người tìm kiếm bàn tay đẹp.\r\n\r\nBàn tay biết dang ra, biết sẻ chia là bàn tay đẹp. Bàn tay biết nắm lấy tay người bất hạnh hơn mình để cùng bước là bàn tay đẹp. Bàn tay biết nâng niu, gìn giữ cái đẹp, cái chân, cái thiện, là bàn tay đẹp. Và hàng ngàn định nghĩa về bàn tay đẹp khác.\r\n\r\nCó bàn tay cầm nắm rất nhiều, có thể điều khiển người khác. Có bàn tay xòe ra ăn xin từng đồng lẻ bố thí. Có bàn tay khéo léo làm nên những tuyệt tác nghệ thuật. Có bàn tay vụng về chỉ làm đổ vỡ mọi thứ khi chạm vào. Có bàn tay cho đi. Có bàn tay giữ lại. Nhưng khi về với đất, bàn tay nào cũng rỗng. Rỗng tuyệt đối.\r\n\r\nVậy sao không ướp hương cho đôi tay mình, tôi tự hỏi lòng như thế. Có hàng ngàn cách ướp hương,  ướp hương thánh thiện, âm thầm, khiêm cung, bé nhỏ, mà hương thơm lại bay vượt mọi không gian.\r\n\r\nKhi sinh ra, tay tôi nắm chặt. Khi chết đi tay tôi buông thõng. Từ nắm chặt đến buông thõng, một hành trình dài đầy nụ cười hạnh phúc và nước mắt đau thương.”\r\n\r\nMã hàng	8936117740077\r\nTên Nhà Cung Cấp	ZGROUP\r\nTác giả	Nguyễn Bảo Trung\r\nNXB	NXB Lao Động\r\nNăm XB	2018\r\nTrọng lượng (gr)	193.0000\r\nKích Thước Bao Bì	19 x 12 x 1 cm\r\nSố trang	218\r\nHình thức	Bìa Mềm\r\nSản phẩm hiển thị trong	\r\nZGROUP\r\nSản phẩm bán chạy nhất	Top 100 sản phẩm Truyện ngắn - Tản Văn bán chạy của tháng\r\nVô Thường (Tái Bản 2018)\r\n\r\n\"Hy sinh vì người khác luôn cho hương thơm bay ngược chiều gió. Gánh nặng vì tình yêu luôn song hành cùng sức mạnh vô song. Bất cứ gỗ đá nào chạm phải tình yêu đều trở nên bao dung mềm mại.\r\n\r\nTôi thấy lòng mình bỗng chật. Những gì trước đây tôi cho là đúng, bây giờ tôi đâm nghi ngờ. Những gì trước đây tôi luôn theo đuổi, giành giật để có, bây giờ thấy chẳng còn quan trọng nữa.\r\n\r\nNhững tay thét ra lửa, những tay sừng sỏ mà tôi từng kính nể, bỗng dưng tôi thấy họ bình thường. Họ cố gắng dùng đôi bàn tay chứng tỏ mình, khuếch trương mình, những cái họ có được chỉ là thứ trơ trẽn. Họ không bình yên trên vật chất họ có được. Họ khoác những chiếc áo sang trọng, tay đeo đầy những kim cương, xịt toàn nước hoa hảo hạng, nhưng không bao giờ có mùi hương thanh tao, dịu ngọt, toả lan khắp bầu trời.\r\n\r\nTôi bị ám ảnh, vì trong tôi hoài thai một lối sống. Tôi muốn thoát khỏi bàn tay của chính mình. Tôi là người tìm kiếm bàn tay đẹp.\r\n\r\nBàn tay biết dang ra, biết sẻ chia là bàn tay đẹp. Bàn tay biết nắm lấy tay người bất hạnh hơn mình để cùng bước là bàn tay đẹp. Bàn tay biết nâng niu, gìn giữ cái đẹp, cái chân, cái thiện, là bàn tay đẹp. Và hàng ngàn định nghĩa về bàn tay đẹp khác.\r\n\r\nCó bàn tay cầm nắm rất nhiều, có thể điều khiển người khác. Có bàn tay xòe ra ăn xin từng đồng lẻ bố thí. Có bàn tay khéo léo làm nên những tuyệt tác nghệ thuật. Có bàn tay vụng về chỉ làm đổ vỡ mọi thứ khi chạm vào. Có bàn tay cho đi. Có bàn tay giữ lại. Nhưng khi về với đất, bàn tay nào cũng rỗng. Rỗng tuyệt đối.\r\n\r\nVậy sao không ướp hương cho đôi tay mình, tôi tự hỏi lòng như thế. Có hàng ngàn cách ướp hương,  ướp hương thánh thiện, âm thầm, khiêm cung, bé nhỏ, mà hương thơm lại bay vượt mọi không gian.\r\n\r\nKhi sinh ra, tay tôi nắm chặt. Khi chết đi tay tôi buông thõng. Từ nắm chặt đến buông thõng, một hành trình dài đầy nụ cười hạnh phúc và nước mắt đau thương.”', 79000.00, NULL, 38),(48, 'Ly Và Chũn - Tết Là Nhất, Nhất Là Tết!', 'https://firebasestorage.googleapis.com/v0/b/image-c757c.appspot.com/o/truyenngan%2Flyvachun_tetlanhatnhatlatet.jpg?alt=media&token=895bd631-3326-477a-aa8c-d98fd0b90a17', 'Tết Tết Tết Tết đến rồi! Tất cả mọi người đều háo hức mong chờ những ngày Xuân quây quần ấm cúng. Ông bà Thường cũng vậy, mà có khi còn háo hức hơn những người thường ấy chứ, thì bởi… Thế là năm nay, hai ông bà quyết định tự mình khăn gói quả mướp lên thăm con cháu thật sớm, nhân tiện ngó nghiêng xem phố phường có gì đổi thay. Còn với hai chị em Ly và Chũn, một chuyến về quê ăn Tết hẳn sẽ có rất nhiều niềm vui và bài học mới đang chờ hai đứa trẻ.\r\n\r\nNhư mọi khi, cuốn sách mới của tác giả Mèo Mốc vẫn tiếp tục là một món quà dành tặng cho bạn đọc mọi lứa tuổi. Trẻ em sẽ thấy một câu chuyện đầy ắp nụ cười hồn nhiên, người lớn sẽ ngẫm ngợi về những đổi thay giữa Tết xưa và Tết nay. Nhưng dù là người lớn hay trẻ em, khi đọc cuốn sách này cũng sẽ thấy Tết… là nhất, và nhất là Tết!', 128000.00, NULL, 39),(49, 'Tôi Có Câu Chuyện, Bạn Có Rượu Không?', 'https://firebasestorage.googleapis.com/v0/b/image-c757c.appspot.com/o/truyenngan%2Ftoicocauchuyenbancoruoukhong.jpg?alt=media&token=27c4282e-0aa4-4d43-a79f-1e464d83e810', 'Tôi Có Câu Chuyện, Bạn Có Rượu Không?\r\n\r\nMỗi một thời khắc trên thế gian này đều có một câu chuyện đang xảy ra. Có những câu chuyện bạn đã từng trải qua, cả những câu chuyện mà bạn chưa từng trải qua, thế nhưng bất kể là chuyện gì, cũng đều đáng giá để được ghi nhớ trong lòng của mỗi người.\r\n\r\n\"Tôi có câu chuyện, bạn có rượu không?\" là một cuốn sách bạn có thể giở ra trong một quán cafe vào một buổi chiều nào đó, hoặc trong một đêm mất ngủ sau khi tan làm về. Hai mươi mốt câu chuyện bên trong sách là 21 xúc cảm hoàn toàn khác biệt nhau: chúng có thể khiến cho bạn hạnh phúc, có thể khiến bạn buồn bã, đau thương, hoặc cũng có thể khiến bạn nảy sinh sự hối tiếc… Chúng đều là những ngôi sao đang phiêu lãng trong biển người bất tận, những đều “tình cờ” gặp gỡ bạn, mới có thể tỏa sáng lung linh. Những con người trong những câu chuyện ấy có thể khóc, có thể cười vui, có thể đau thương, có thể là đang rơi lệ. Thế nhưng đến cuối con đường, chắc chắn rằng họ sẽ hạnh phúc, giống như bạn đã nhận được hạnh phúc.\r\n\r\nTôi biết, thế giới của mỗi người không giống nhau, nhưng thế giới trong những câu chuyện này, chắc chắn là một phương diện mà dường như bạn từng biết tới nhưng lại không thể chạm đến. Nó tựa như chén rượu giữa đêm, đóa hoa trên cỏ, bình dị mà chân thực, đẹp đẽ mà tàn khốc. Nếu bạn bằng lòng, vào một đêm khuya bốn bề thanh vắng, hãy mời tôi một ly, rượu gì tùy ý, để tôi kể chuyện cho bạn nghe. Tuy câu chuyện có thể vụng về, kích động, ấu trĩ, nhưng xin bạn hãy tin rằng, những điều đã xảy ra và những điều sắp xảy ra đều sẽ lặp lại, bởi vì tất cả mọi câu chuyện đều chỉ có một cái kết, nếu có trùng hợp, chỉ đơn thuần là tình cờ.\r\n\r\nTôi sẽ viết trong những đêm khuya, viết cho xong một mẩu chuyện vào lúc bạn đã say ngủ.\r\n\r\nSau đó gửi một câu chào buổi sáng đến tất cả những thành phố mất ngủ, nói câu chúc ngủ ngon với tất cả những người chưa chợp mắt…\r\n\r\n\"Chúc cho bạn mãi mãi ấm áp và không sợ hãi bất cứ điều gì.\"\r\n\r\n\"Tôi có câu chuyện, bạn có rượu không?\" - Hy vọng trong rất nhiều những đêm cảm thấy cô đơn sau này, khi bên cạnh bạn chỉ có rượu, cuốn sách này có thể trở thành đồ nhắm cho bạn, không nhiều, không ít, không say, không về.\r\n\r\n* Giới thiệu tác giả:\r\n\r\nQuan Đông Dã Khách – nhà văn, biên kịch, người kể chuyện, thuộc chòm sao Ma Kết. Mong muốn dùng câu chữ để viết ra những lời bi ail y hợp mà ít người biết tới. Mong gặp gỡ một người xa lạ, bình dị cùng làm bạn giữa thành phố phồn hoa náo nhiệt này.\r\n\r\nMã hàng	8936186543128\r\nTên Nhà Cung Cấp	AZ Việt Nam\r\nTác giả	Quan Đông Dã Khách\r\nNgười Dịch	Ngọc Dao\r\nNXB	NXB Thanh Niên\r\nNăm XB	2020\r\nNgôn Ngữ	Tiếng Việt\r\nTrọng lượng (gr)	350.0000\r\nKích Thước Bao Bì	20.5 x 14.5 x 0.5 cm\r\nSố trang	352\r\nHình thức	Bìa Mềm\r\nSản phẩm bán chạy nhất	Top 100 sản phẩm Truyện ngắn - Tản Văn bán chạy của tháng\r\nTôi Có Câu Chuyện, Bạn Có Rượu Không?\r\n\r\nMỗi một thời khắc trên thế gian này đều có một câu chuyện đang xảy ra. Có những câu chuyện bạn đã từng trải qua, cả những câu chuyện mà bạn chưa từng trải qua, thế nhưng bất kể là chuyện gì, cũng đều đáng giá để được ghi nhớ trong lòng của mỗi người.\r\n\r\n\"Tôi có câu chuyện, bạn có rượu không?\" là một cuốn sách bạn có thể giở ra trong một quán cafe vào một buổi chiều nào đó, hoặc trong một đêm mất ngủ sau khi tan làm về. Hai mươi mốt câu chuyện bên trong sách là 21 xúc cảm hoàn toàn khác biệt nhau: chúng có thể khiến cho bạn hạnh phúc, có thể khiến bạn buồn bã, đau thương, hoặc cũng có thể khiến bạn nảy sinh sự hối tiếc… Chúng đều là những ngôi sao đang phiêu lãng trong biển người bất tận, những đều “tình cờ” gặp gỡ bạn, mới có thể tỏa sáng lung linh. Những con người trong những câu chuyện ấy có thể khóc, có thể cười vui, có thể đau thương, có thể là đang rơi lệ. Thế nhưng đến cuối con đường, chắc chắn rằng họ sẽ hạnh phúc, giống như bạn đã nhận được hạnh phúc.\r\n\r\nTôi biết, thế giới của mỗi người không giống nhau, nhưng thế giới trong những câu chuyện này, chắc chắn là một phương diện mà dường như bạn từng biết tới nhưng lại không thể chạm đến. Nó tựa như chén rượu giữa đêm, đóa hoa trên cỏ, bình dị mà chân thực, đẹp đẽ mà tàn khốc. Nếu bạn bằng lòng, vào một đêm khuya bốn bề thanh vắng, hãy mời tôi một ly, rượu gì tùy ý, để tôi kể chuyện cho bạn nghe. Tuy câu chuyện có thể vụng về, kích động, ấu trĩ, nhưng xin bạn hãy tin rằng, những điều đã xảy ra và những điều sắp xảy ra đều sẽ lặp lại, bởi vì tất cả mọi câu chuyện đều chỉ có một cái kết, nếu có trùng hợp, chỉ đơn thuần là tình cờ.\r\n\r\nTôi sẽ viết trong những đêm khuya, viết cho xong một mẩu chuyện vào lúc bạn đã say ngủ.\r\n\r\nSau đó gửi một câu chào buổi sáng đến tất cả những thành phố mất ngủ, nói câu chúc ngủ ngon với tất cả những người chưa chợp mắt…\r\n\r\n\"Chúc cho bạn mãi mãi ấm áp và không sợ hãi bất cứ điều gì.\"\r\n\r\n\"Tôi có câu chuyện, bạn có rượu không?\" - Hy vọng trong rất nhiều những đêm cảm thấy cô đơn sau này, khi bên cạnh bạn chỉ có rượu, cuốn sách này có thể trở thành đồ nhắm cho bạn, không nhiều, không ít, không say, không về.', 129000.00, NULL, 40);
UNLOCK TABLES;
COMMIT;
BEGIN;
LOCK TABLES `bookstore`.`publisher` WRITE;
DELETE FROM `bookstore`.`publisher`;
INSERT INTO `bookstore`.`publisher` (`id`,`name`) VALUES (1, 'NXB Hội Nhà Văn'),(2, 'NXB Dân Trí'),(3, 'NXB Trẻ'),(4, 'NXB Tổng Hợp TPHCM'),(5, 'NXB Kim Đồng'),(6, 'NXB Phụ nữ'),(7, 'NXB Thanh Niên'),(8, 'NXB Văn Học'),(9, 'NXB Hà Nội'),(10, 'Nhà Sách Minh Thắng'),(11, 'NXB Hồng Đức'),(12, 'NXB Lao Động');
UNLOCK TABLES;
COMMIT;
BEGIN;
LOCK TABLES `bookstore`.`reviews` WRITE;
DELETE FROM `bookstore`.`reviews`;
UNLOCK TABLES;
COMMIT;
BEGIN;
LOCK TABLES `bookstore`.`sale` WRITE;
DELETE FROM `bookstore`.`sale`;
INSERT INTO `bookstore`.`sale` (`id`,`name`,`price_sale`) VALUES (1, 'Không khuyến mãi', 0.00);
UNLOCK TABLES;
COMMIT;
BEGIN;
LOCK TABLES `bookstore`.`users` WRITE;
DELETE FROM `bookstore`.`users`;
UNLOCK TABLES;
COMMIT;
